GeneID	GeneSymbol	Alias	Links	Cytoband	FullName	GeneType	Regulation	log2FoldChange	Adjusted_P-value
1000	CDH2	CD325|CDHN|CDw325|NCAD	MIM:114020|HGNC:HGNC:1759|Ensembl:ENSG00000170558|Vega:OTTHUMG00000059940	18q12.1	cadherin 2	protein-coding	Up	6.79	1.31e-07
1001	CDH3	CDHP|HJMD|PCAD	MIM:114021|HGNC:HGNC:1762|Ensembl:ENSG00000062038|Vega:OTTHUMG00000137560	16q22.1	cadherin 3	protein-coding	Up	4.64	0.000372
101	ADAM8	CD156|CD156a|MS2	MIM:602267|HGNC:HGNC:215|Ensembl:ENSG00000151651|Vega:OTTHUMG00000019309	10q26.3	ADAM metallopeptidase domain 8	protein-coding	Up	4.29	0.00313
1012	CDH13	CDHH|P105	MIM:601364|HGNC:HGNC:1753|Ensembl:ENSG00000140945|Vega:OTTHUMG00000176635	16q23.3	cadherin 13	protein-coding	Down	-4.21	2.9e-06
10232	MSLN	MPF|SMRP	MIM:601051|HGNC:HGNC:7371|Ensembl:ENSG00000102854|Vega:OTTHUMG00000047992	16p13.3	mesothelin	protein-coding	Down	-8.09	2.21e-05
10266	RAMP2	-	MIM:605154|HGNC:HGNC:9844|Ensembl:ENSG00000131477|Vega:OTTHUMG00000180648	17q21.2	receptor activity modifying protein 2	protein-coding	Down	-5.21	0.000119
1029	CDKN2A	ARF|CDK4I|CDKN2|CMM2|INK4|INK4A|MLM|MTS-1|MTS1|P14|P14ARF|P16|P16-INK4A|P16INK4|P16INK4A|P19|P19ARF|TP16	MIM:600160|HGNC:HGNC:1787|Ensembl:ENSG00000147889|Vega:OTTHUMG00000019686	9p21.3	cyclin dependent kinase inhibitor 2A	protein-coding	Up	5.42	0.000154
1030	CDKN2B	CDK4I|INK4B|MTS2|P15|TP15|p15INK4b	MIM:600431|HGNC:HGNC:1788|Ensembl:ENSG00000147883|Vega:OTTHUMG00000019691	9p21.3	cyclin dependent kinase inhibitor 2B	protein-coding	Down	-2.58	0.017
1033	CDKN3	CDI1|CIP2|KAP|KAP1	MIM:123832|HGNC:HGNC:1791|Ensembl:ENSG00000100526|Vega:OTTHUMG00000140302	14q22.2	cyclin dependent kinase inhibitor 3	protein-coding	Up	6.47	0.015
10365	KLF2	LKLF	MIM:602016|HGNC:HGNC:6347|Ensembl:ENSG00000127528|Vega:OTTHUMG00000182330	19p13.11	Kruppel like factor 2	protein-coding	Down	-4.93	0.0306
10371	SEMA3A	COLL1|HH16|Hsema-I|Hsema-III|SEMA1|SEMAD|SEMAIII|SEMAL|SemD|coll-1	MIM:603961|HGNC:HGNC:10723|Ensembl:ENSG00000075213|Vega:OTTHUMG00000023443	7q21.11	semaphorin 3A	protein-coding	Up	4.84	0.000744
10381	TUBB3	CDCBM|CDCBM1|CFEOM3|CFEOM3A|FEOM3|TUBB4|beta-4	MIM:602661|HGNC:HGNC:20772|Ensembl:ENSG00000258947|Vega:OTTHUMG00000138985	16q24.3	tubulin beta 3 class III	protein-coding	Up	4.89	4.72e-05
10395	DLC1	ARHGAP7|HP|STARD12|p122-RhoGAP	MIM:604258|HGNC:HGNC:2897|Ensembl:ENSG00000164741|Vega:OTTHUMG00000090825	8p22	DLC1 Rho GTPase activating protein	protein-coding	Down	-6.9	0.031
10406	WFDC2	EDDM4|HE4|WAP5|dJ461P17.6	HGNC:HGNC:15939|Ensembl:ENSG00000101443|Vega:OTTHUMG00000032594	20q13.12	WAP four-disulfide core domain 2	protein-coding	Down	-7.35	0.000451
1045	CDX2	CDX-3|CDX2/AS|CDX3	MIM:600297|HGNC:HGNC:1806|Ensembl:ENSG00000165556|Vega:OTTHUMG00000016640	13q12.2	caudal type homeobox 2	protein-coding	Up	12.15	7.99e-08
1048	CEACAM5	CD66e|CEA	MIM:114890|HGNC:HGNC:1817|Ensembl:ENSG00000105388|Vega:OTTHUMG00000151061	19q13.2	carcinoembryonic antigen related cell adhesion molecule 5	protein-coding	Up	6.28	1.55e-06
1050	CEBPA	C/EBP-alpha|CEBP	MIM:116897|HGNC:HGNC:1833|Ensembl:ENSG00000245848|Vega:OTTHUMG00000161461	19q13.11	CCAAT/enhancer binding protein alpha	protein-coding	Down	-6.08	0.0373
10516	FBLN5	ADCL2|ARCL1A|ARMD3|DANCE|EVEC|FIBL-5|HNARMD|UP50	MIM:604580|HGNC:HGNC:3602|Ensembl:ENSG00000140092|Vega:OTTHUMG00000171122	14q32.12	fibulin 5	protein-coding	Down	-5.37	0.0354
10551	AGR2	AG2|GOB-4|HAG-2|HEL-S-116|PDIA17|XAG-2	MIM:606358|HGNC:HGNC:328|Ensembl:ENSG00000106541|Vega:OTTHUMG00000023446	7p21.1	"anterior gradient 2, protein disulphide isomerase family member"	protein-coding	Down	-4.77	0.046
10562	OLFM4	GC1|GW112|OLM4|OlfD|UNQ362|bA209J19.1|hGC-1|hOLfD	MIM:614061|HGNC:HGNC:17190|Ensembl:ENSG00000102837|Vega:OTTHUMG00000016981	13q14.3	olfactomedin 4	protein-coding	Up	6.3	0.00707
10563	CXCL13	ANGIE|ANGIE2|BCA-1|BCA1|BLC|BLR1L|SCYB13	MIM:605149|HGNC:HGNC:10639|Ensembl:ENSG00000156234|Vega:OTTHUMG00000130201	4q21.1	C-X-C motif chemokine ligand 13	protein-coding	Up	9	2.3e-09
10590	SCGN	CALBL|DJ501N12.8|SECRET|SEGN|setagin	MIM:609202|HGNC:HGNC:16941|Ensembl:ENSG00000079689|Vega:OTTHUMG00000014409	6p22.2	"secretagogin, EF-hand calcium binding protein"	protein-coding	Up	5.44	0.0132
10630	PDPN	AGGRUS|GP36|GP40|Gp38|HT1A-1|OTS8|PA2.26|T1A|T1A-2|T1A2|TI1A	MIM:608863|HGNC:HGNC:29602|Ensembl:ENSG00000162493|Vega:OTTHUMG00000007912	1p36.21	podoplanin	protein-coding	Down	-4.29	0.0353
10631	POSTN	OSF-2|OSF2|PDLPOSTN|PN	MIM:608777|HGNC:HGNC:16953|Ensembl:ENSG00000133110|Vega:OTTHUMG00000016751	13q13.3	periostin	protein-coding	Up	3.85	0.000442
10643	IGF2BP3	CT98|IMP-3|IMP3|KOC|KOC1|VICKZ3	MIM:608259|HGNC:HGNC:28868|Ensembl:ENSG00000136231|Vega:OTTHUMG00000128445	7p15.3	insulin like growth factor 2 mRNA binding protein 3	protein-coding	Up	6.38	0.000665
10763	NES	Nbla00170	MIM:600915|HGNC:HGNC:7756|Ensembl:ENSG00000132688|Vega:OTTHUMG00000034299	1q23.1	nestin	protein-coding	Down	-2.93	0.00221
1080	CFTR	ABC35|ABCC7|CF|CFTR/MRP|MRP7|TNR-CFTR|dJ760C5.1	MIM:602421|HGNC:HGNC:1884|Ensembl:ENSG00000001626|Vega:OTTHUMG00000023076	7q31.2	cystic fibrosis transmembrane conductance regulator	protein-coding	Down	-9.63	1.33e-05
10863	ADAM28	ADAM 28|MDC-L|MDCL|eMDC II|eMDCII	MIM:606188|HGNC:HGNC:206|Ensembl:ENSG00000042980|Vega:OTTHUMG00000163780	8p21.2	ADAM metallopeptidase domain 28	protein-coding	Up	6.79	0.00331
10874	NMU	-	MIM:605103|HGNC:HGNC:7859|Ensembl:ENSG00000109255|Vega:OTTHUMG00000102161	4q12	neuromedin U	protein-coding	Up	9.74	0.000662
10894	LYVE1	CRSBP-1|HAR|LYVE-1|XLKD1	MIM:605702|HGNC:HGNC:14687|Ensembl:ENSG00000133800|Vega:OTTHUMG00000165713	11p15.4	lymphatic vessel endothelial hyaluronan receptor 1	protein-coding	Down	-4.68	8.71e-07
11012	KLK11	PRSS20|TLSP	MIM:604434|HGNC:HGNC:6359|Ensembl:ENSG00000167757|Vega:OTTHUMG00000182915	19q13.41	kallikrein related peptidase 11	protein-coding	Down	-6.45	1.8e-05
11013	TMSB15A	TMSB15|TMSB15B|TMSL8|TMSNB|Tb15|TbNB	MIM:300939|HGNC:HGNC:30744|Ensembl:ENSG00000158164|Vega:OTTHUMG00000022054	Xq22.1	thymosin beta 15a	protein-coding	Down	-4.66	0.0368
11065	UBE2C	UBCH10|dJ447F3.2	MIM:605574|HGNC:HGNC:15937|Ensembl:ENSG00000175063|Vega:OTTHUMG00000033038	20q13.12	ubiquitin conjugating enzyme E2 C	protein-coding	Up	5.69	0.000658
11074	TRIM31	C6orf13|HCG1|HCGI|RNF	MIM:609316|HGNC:HGNC:16289|Ensembl:ENSG00000204616|Vega:OTTHUMG00000031064	6p22.1	tripartite motif containing 31	protein-coding	Up	9.01	1.44e-07
11082	ESM1	endocan	MIM:601521|HGNC:HGNC:3466|Ensembl:ENSG00000164283|Vega:OTTHUMG00000097010	5q11.2	endothelial cell specific molecule 1	protein-coding	Up	4.03	0.000443
1113	CHGA	CGA	MIM:118910|HGNC:HGNC:1929|Ensembl:ENSG00000100604|Vega:OTTHUMG00000171225	14q32.12	chromogranin A	protein-coding	Up	8.64	9.95e-05
1116	CHI3L1	ASRT7|CGP-39|GP-39|GP39|HC-gp39|HCGP-3P|YKL-40|YKL40|YYL-40|hCGP-39	MIM:601525|HGNC:HGNC:1932|Ensembl:ENSG00000133048|Vega:OTTHUMG00000042122	1q32.1	chitinase 3 like 1	protein-coding	Up	2.55	0.0453
11197	WIF1	WIF-1	MIM:605186|HGNC:HGNC:18081|Ensembl:ENSG00000156076|Vega:OTTHUMG00000168832	12q14.3	WNT inhibitory factor 1	protein-coding	Down	-10.87	2.94e-09
112399	EGLN3	HIFP4H3|HIFPH3|PHD3	MIM:606426|HGNC:HGNC:14661|Ensembl:ENSG00000129521|Vega:OTTHUMG00000029498	14q13.1	egl-9 family hypoxia inducible factor 3	protein-coding	Up	4.35	0.000249
113130	CDCA5	SORORIN	MIM:609374|HGNC:HGNC:14626|Ensembl:ENSG00000146670|Vega:OTTHUMG00000150420	11q13.1	cell division cycle associated 5	protein-coding	Up	6.23	0.0119
11326	VSIG4	CRIg|Z39IG	MIM:300353|HGNC:HGNC:17032|Ensembl:ENSG00000155659|Vega:OTTHUMG00000021727	Xq12	V-set and immunoglobulin domain containing 4	protein-coding	Down	-6.71	0.00634
1134	CHRNA1	ACHRA|ACHRD|CHRNA|CMS1A|CMS1B|CMS2A|FCCMS|SCCMS	MIM:100690|HGNC:HGNC:1955|Ensembl:ENSG00000138435|Vega:OTTHUMG00000132357	2q31.1	cholinergic receptor nicotinic alpha 1 subunit	protein-coding	Up	7.26	4.8e-06
1138	CHRNA5	LNCR2	MIM:118505|HGNC:HGNC:1959|Ensembl:ENSG00000169684|Vega:OTTHUMG00000143858	15q25.1	cholinergic receptor nicotinic alpha 5 subunit	protein-coding	Up	5.51	0.0289
115908	CTHRC1	-	MIM:610635|HGNC:HGNC:18831|Ensembl:ENSG00000164932|Vega:OTTHUMG00000164887	8q22.3	collagen triple helix repeat containing 1	protein-coding	Up	7.5	2.39e-05
116832	RPL39L	RPL39L1	MIM:607547|HGNC:HGNC:17094|Ensembl:ENSG00000163923|Vega:OTTHUMG00000156465	3q27.3	ribosomal protein L39 like	protein-coding	Up	4.54	0.0308
116835	HSPA12B	C20orf60	MIM:610702|HGNC:HGNC:16193|Ensembl:ENSG00000132622|Vega:OTTHUMG00000031755	20p13	heat shock protein family A (Hsp70) member 12B	protein-coding	Down	-5.29	4.25e-05
117156	SCGB3A2	LU103|PNSP1|UGRP1|pnSP-1	MIM:606531|HGNC:HGNC:18391|Ensembl:ENSG00000164265|Vega:OTTHUMG00000129729	5q32	secretoglobin family 3A member 2	protein-coding	Down	-9.84	9.35e-07
1191	CLU	AAG4|APO-J|APOJ|CLI|CLU1|CLU2|KUB1|NA1/NA2|SGP-2|SGP2|SP-40|TRPM-2|TRPM2	MIM:185430|HGNC:HGNC:2095|Ensembl:ENSG00000120885|Vega:OTTHUMG00000102114	8p21.1	clusterin	protein-coding	Down	-5.14	0.0393
12	SERPINA3	AACT|ACT|GIG24|GIG25	MIM:107280|HGNC:HGNC:16|Ensembl:ENSG00000196136|Ensembl:ENSG00000273259|Vega:OTTHUMG00000029851	14q32.13	serpin family A member 3	protein-coding	Down	-6	0.00262
1244	ABCC2	ABC30|CMOAT|DJS|MRP2|cMRP	MIM:601107|HGNC:HGNC:53|Ensembl:ENSG00000023839|Vega:OTTHUMG00000018895	10q24.2	ATP binding cassette subfamily C member 2	protein-coding	Up	8.64	3.14e-06
124976	SPNS2	-	MIM:612584|HGNC:HGNC:26992|Ensembl:ENSG00000183018|Vega:OTTHUMG00000177739	17p13.2	sphingolipid transporter 2	protein-coding	Down	-3.01	0.0245
125	ADH1B	ADH2|HEL-S-117	MIM:103720|HGNC:HGNC:250|Ensembl:ENSG00000196616|Vega:OTTHUMG00000161413	4q23	"alcohol dehydrogenase 1B (class I), beta polypeptide"	protein-coding	Down	-8.51	1.33e-05
126	ADH1C	ADH3	MIM:103730|HGNC:HGNC:251|Ensembl:ENSG00000248144|Vega:OTTHUMG00000161422	4q23	"alcohol dehydrogenase 1C (class I), gamma polypeptide"	protein-coding	Up	3.08	0.00164
128239	IQGAP3	-	HGNC:HGNC:20669|Ensembl:ENSG00000183856|Vega:OTTHUMG00000033114	1q22	IQ motif containing GTPase activating protein 3	protein-coding	Up	5.37	0.000988
1285	COL4A3	-	MIM:120070|HGNC:HGNC:2204|Ensembl:ENSG00000169031|Vega:OTTHUMG00000149891	2q36.3	collagen type IV alpha 3 chain	protein-coding	Down	-8.41	6.61e-06
1286	COL4A4	CA44	MIM:120131|HGNC:HGNC:2206|Ensembl:ENSG00000081052|Vega:OTTHUMG00000149892	2q36.3	collagen type IV alpha 4 chain	protein-coding	Down	-6.81	8.48e-05
128602	C20orf85	LLC1|bA196N14.1	HGNC:HGNC:16216|Ensembl:ENSG00000124237|Vega:OTTHUMG00000032836	20q13.32	chromosome 20 open reading frame 85	protein-coding	Down	-11.11	1.07e-08
1300	COL10A1	-	MIM:120110|HGNC:HGNC:2185|Ensembl:ENSG00000123500|Vega:OTTHUMG00000015426	6q22.1	collagen type X alpha 1 chain	protein-coding	Up	6.39	7.23e-10
1361	CPB2	CPU|PCPB|TAFI	MIM:603101|HGNC:HGNC:2300|Ensembl:ENSG00000080618|Vega:OTTHUMG00000016867	13q14.13	carboxypeptidase B2	protein-coding	Down	-11.41	1.45e-18
1365	CLDN3	C7orf1|CPE-R2|CPETR2|HRVP1|RVP1	MIM:602910|HGNC:HGNC:2045|Ensembl:ENSG00000165215|Vega:OTTHUMG00000023424	7q11.23	claudin 3	protein-coding	Up	3.85	0.0085
1382	CRABP2	CRABP-II|RBP6	MIM:180231|HGNC:HGNC:2339|Ensembl:ENSG00000143320|Vega:OTTHUMG00000041300	1q23.1	cellular retinoic acid binding protein 2	protein-coding	Up	4.59	7.07e-07
1410	CRYAB	CMD1II|CRYA2|CTPP2|CTRCT16|HEL-S-101|HSPB5|MFM2	MIM:123590|HGNC:HGNC:2389|Ensembl:ENSG00000109846|Vega:OTTHUMG00000166885	11q23.1	crystallin alpha B	protein-coding	Down	-2.48	0.0283
1435	CSF1	CSF-1|MCSF	MIM:120420|HGNC:HGNC:2432|Ensembl:ENSG00000184371|Vega:OTTHUMG00000011646	1p13.3	colony stimulating factor 1	protein-coding	Down	-2.47	0.04
1437	CSF2	GMCSF	MIM:138960|HGNC:HGNC:2434|Ensembl:ENSG00000164400|Vega:OTTHUMG00000059637	5q31.1	colony stimulating factor 2	protein-coding	Up	6.06	0.0147
1440	CSF3	C17orf33|CSF3OS|GCSF	MIM:138970|HGNC:HGNC:2438|Ensembl:ENSG00000108342|Vega:OTTHUMG00000133247	17q21.1	colony stimulating factor 3	protein-coding	Down	-6.97	7.73e-07
1501	CTNND2	GT24|NPRAP	MIM:604275|HGNC:HGNC:2516|Ensembl:ENSG00000169862|Vega:OTTHUMG00000090511	5p15.2	catenin delta 2	protein-coding	Up	4.96	0.000929
1513	CTSK	CTS02|CTSO|CTSO1|CTSO2|PKND|PYCD	MIM:601105|HGNC:HGNC:2536|Ensembl:ENSG00000143387|Vega:OTTHUMG00000035008	1q21.3	cathepsin K	protein-coding	Up	3.65	0.0357
154	ADRB2	ADRB2R|ADRBR|B2AR|BAR|BETA2AR	MIM:109690|HGNC:HGNC:286|Ensembl:ENSG00000169252|Vega:OTTHUMG00000129933	5q32	adrenoceptor beta 2	protein-coding	Down	-5.73	0.0076
1543	CYP1A1	AHH|AHRR|CP11|CYP1|CYPIA1|P1-450|P450-C|P450DX	MIM:108330|HGNC:HGNC:2595|Ensembl:ENSG00000140465|Vega:OTTHUMG00000142812	15q24.1	cytochrome P450 family 1 subfamily A member 1	protein-coding	Down	-10.29	6.73e-06
1557	CYP2C19	CPCJ|CYP2C|CYPIIC17|CYPIIC19|P450C2C|P450IIC19	MIM:124020|HGNC:HGNC:2621|Ensembl:ENSG00000165841|Vega:OTTHUMG00000018799	10q23.33	cytochrome P450 family 2 subfamily C member 19	protein-coding	Up	5.96	0.0193
1559	CYP2C9	CPC9|CYP2C|CYP2C10|CYPIIC9|P450IIC9	MIM:601130|HGNC:HGNC:2623|Ensembl:ENSG00000138109|Vega:OTTHUMG00000018805	10q23.33	cytochrome P450 family 2 subfamily C member 9	protein-coding	Up	6.4	0.0241
157310	PEBP4	CORK-1|CORK1|GWTM1933|HEL-S-300|PEBP-4|PRO4408|hPEBP4	MIM:612473|HGNC:HGNC:28319|Ensembl:ENSG00000134020|Vega:OTTHUMG00000163749	8p21.3	phosphatidylethanolamine binding protein 4	protein-coding	Down	-10.3	5.75e-08
1591	CYP24A1	CP24|CYP24|HCAI|HCINF1|P450-CC24	MIM:126065|HGNC:HGNC:2602|Ensembl:ENSG00000019186|Vega:OTTHUMG00000032773	20q13.2	cytochrome P450 family 24 subfamily A member 1	protein-coding	Up	8.79	1.01e-09
1594	CYP27B1	CP2B|CYP1|CYP1alpha|CYP27B|P450c1|PDDR|VDD1|VDDR|VDDRI|VDR	MIM:609506|HGNC:HGNC:2606|Ensembl:ENSG00000111012|Vega:OTTHUMG00000170457	12q14.1	cytochrome P450 family 27 subfamily B member 1	protein-coding	Up	6.23	0.00108
160728	SLC5A8	AIT|SMCT|SMCT1	MIM:608044|HGNC:HGNC:19119|Ensembl:ENSG00000256870|Vega:OTTHUMG00000170499	12q23.1-q23.2	solute carrier family 5 member 8	protein-coding	Down	-7.61	1.51e-06
1620	BRINP1	DBC1|DBCCR1|FAM5A	MIM:602865|HGNC:HGNC:2687|Ensembl:ENSG00000078725|Vega:OTTHUMG00000021020	9q33.1	BMP/retinoic acid inducible neural specific 1	protein-coding	Down	-9.22	5.44e-08
1636	ACE	ACE1|CD143|DCP|DCP1	MIM:106180|HGNC:HGNC:2707|Ensembl:ENSG00000159640|Ensembl:ENSG00000264813|Vega:OTTHUMG00000154927|Vega:OTTHUMG00000178900	17q23.3	angiotensin I converting enzyme	protein-coding	Down	-2.69	0.00893
1645	AKR1C1	2-ALPHA-HSD|20-ALPHA-HSD|C9|DD1|DD1/DD2|DDH|DDH1|H-37|HAKRC|HBAB|MBAB	MIM:600449|HGNC:HGNC:384|Ensembl:ENSG00000187134|Vega:OTTHUMG00000017580	10p15.1	aldo-keto reductase family 1 member C1	protein-coding	Up	3.43	0.0169
1649	DDIT3	CEBPZ|CHOP|CHOP-10|CHOP10|GADD153	MIM:126337|HGNC:HGNC:2726|Ensembl:ENSG00000175197|Vega:OTTHUMG00000170046	12q13.3	DNA damage inducible transcript 3	protein-coding	Up	2.42	0.0286
1672	DEFB1	BD1|DEFB-1|DEFB101|HBD1	MIM:602056|HGNC:HGNC:2766|Ensembl:ENSG00000164825|Vega:OTTHUMG00000090367	8p23.1	defensin beta 1	protein-coding	Up	6.38	0.0018
168002	DACT2	C6orf116|DAPPER2|DPR2|bA503C24.7	MIM:608966|HGNC:HGNC:21231|Ensembl:ENSG00000164488|Vega:OTTHUMG00000016046	6q27	dishevelled binding antagonist of beta catenin 2	protein-coding	Down	-6.73	0.00127
168667	BMPER	CRIM3|CV-2|CV2	MIM:608699|HGNC:HGNC:24154|Ensembl:ENSG00000164619|Vega:OTTHUMG00000128675	7p14.3	BMP binding endothelial regulator	protein-coding	Down	-4.54	0.00163
1728	NQO1	DHQU|DIA4|DTD|NMOR1|NMORI|QR1	MIM:125860|HGNC:HGNC:2874|Ensembl:ENSG00000181019|Vega:OTTHUMG00000137575	16q22.1	NAD(P)H quinone dehydrogenase 1	protein-coding	Up	4.21	0.0128
1749	DLX5	SHFM1D	MIM:600028|HGNC:HGNC:2918|Ensembl:ENSG00000105880|Vega:OTTHUMG00000154200	7q21.3	distal-less homeobox 5	protein-coding	Up	9.55	0.000447
177	AGER	RAGE|SCARJ1	MIM:600214|HGNC:HGNC:320|Ensembl:ENSG00000204305|Vega:OTTHUMG00000031120	6p21.32	advanced glycosylation end-product specific receptor	protein-coding	Down	-7.96	6.23e-05
1789	DNMT3B	ICF|ICF1|M.HsaIIIB	MIM:602900|HGNC:HGNC:2979|Ensembl:ENSG00000088305|Vega:OTTHUMG00000032226	20q11.21	DNA methyltransferase 3 beta	protein-coding	Up	6.81	0.0184
1813	DRD2	D2DR|D2R	MIM:126450|HGNC:HGNC:3023|Ensembl:ENSG00000149295|Vega:OTTHUMG00000167717	11q23.2	dopamine receptor D2	protein-coding	Up	11.16	2.04e-05
1825	DSC3	CDHF3|DSC|DSC1|DSC2|DSC4|HT-CP	MIM:600271|HGNC:HGNC:3037|Ensembl:ENSG00000134762|Vega:OTTHUMG00000179622	18q12.1	desmocollin 3	protein-coding	Down	-5.37	0.00272
183	AGT	ANHU|SERPINA8	MIM:106150|HGNC:HGNC:333|Ensembl:ENSG00000135744|Vega:OTTHUMG00000037757	1q42.2	angiotensinogen	protein-coding	Up	6.84	0.000456
1832	DSP	DCWHKTA|DP	MIM:125647|HGNC:HGNC:3052|Ensembl:ENSG00000096696|Vega:OTTHUMG00000014212	6p24.3	desmoplakin	protein-coding	Up	3.85	0.00868
1839	HBEGF	DTR|DTS|DTSF|HEGFL	MIM:126150|HGNC:HGNC:3059|Ensembl:ENSG00000113070|Vega:OTTHUMG00000129496	5q31.3	heparin binding EGF like growth factor	protein-coding	Down	-3.65	0.000103
1846	DUSP4	HVH2|MKP-2|MKP2|TYP	MIM:602747|HGNC:HGNC:3070|Ensembl:ENSG00000120875|Vega:OTTHUMG00000133395	8p12	dual specificity phosphatase 4	protein-coding	Up	5.1	0.000112
1871	E2F3	E2F-3	MIM:600427|HGNC:HGNC:3115|Ensembl:ENSG00000112242|Vega:OTTHUMG00000016389	6p22.3	E2F transcription factor 3	protein-coding	Up	3.55	0.00582
190	NR0B1	AHC|AHCH|AHX|DAX-1|DAX1|DSS|GTD|HHG|NROB1|SRXY2	MIM:300473|HGNC:HGNC:7960|Ensembl:ENSG00000169297|Vega:OTTHUMG00000021323	Xp21.2	nuclear receptor subfamily 0 group B member 1	protein-coding	Up	8.72	0.000545
1906	EDN1	ARCND3|ET1|HDLCQ7|PPET1|QME	MIM:131240|HGNC:HGNC:3176|Ensembl:ENSG00000078401|Vega:OTTHUMG00000014266	6p24.1	endothelin 1	protein-coding	Down	-5.02	0.0113
1910	EDNRB	ABCDS|ET-B|ET-BR|ETB|ETB1|ETBR|ETRB|HSCR|HSCR2|WS4A	MIM:131244|HGNC:HGNC:3180|Ensembl:ENSG00000136160|Vega:OTTHUMG00000017111	13q22.3	endothelin receptor type B	protein-coding	Down	-3.6	9.66e-05
1917	EEF1A2	EEF1AL|EF-1-alpha-2|EF1A|EIEE33|HS1|MRD38|STN|STNL	MIM:602959|HGNC:HGNC:3192|Ensembl:ENSG00000101210|Vega:OTTHUMG00000033076	20q13.33	eukaryotic translation elongation factor 1 alpha 2	protein-coding	Up	8.01	4e-10
1950	EGF	HOMG4|URG	MIM:131530|HGNC:HGNC:3229|Ensembl:ENSG00000138798|Vega:OTTHUMG00000132044	4q25	epidermal growth factor	protein-coding	Up	6.51	0.00972
1993	ELAVL2	HEL-N1|HELN1|HUB	MIM:601673|HGNC:HGNC:3313|Ensembl:ENSG00000107105|Vega:OTTHUMG00000019700	9p21.3	ELAV like RNA binding protein 2	protein-coding	Up	8.71	0.024
2001	ELF5	ESE2	MIM:605169|HGNC:HGNC:3320|Ensembl:ENSG00000135374|Vega:OTTHUMG00000166451	11p13	E74 like ETS transcription factor 5	protein-coding	Down	-4.76	0.000443
2006	ELN	SVAS|WBS|WS	MIM:130160|HGNC:HGNC:3327|Ensembl:ENSG00000049540|Vega:OTTHUMG00000150229	7q11.23	elastin	protein-coding	Down	-6.43	0.0106
200879	LIPH	AH|ARWH2|HYPT7|LAH2|LPDLR|PLA1B|mPA-PLA1	MIM:607365|HGNC:HGNC:18483|Ensembl:ENSG00000163898|Vega:OTTHUMG00000156657	3q27.2	lipase H	protein-coding	Down	-5.86	0.00645
2045	EPHA7	EHK-3|EHK3|EK11|HEK11	MIM:602190|HGNC:HGNC:3390|Ensembl:ENSG00000135333|Vega:OTTHUMG00000015228	6q16.1	EPH receptor A7	protein-coding	Up	6.44	0.0162
2049	EPHB3	EK2|ETK2|HEK2|TYRO6	MIM:601839|HGNC:HGNC:3394|Ensembl:ENSG00000182580|Vega:OTTHUMG00000156710	3q27.1	EPH receptor B3	protein-coding	Up	2.47	0.0221
2069	EREG	EPR|ER|Ep	MIM:602061|HGNC:HGNC:3443|Ensembl:ENSG00000124882|Vega:OTTHUMG00000130005	4q13.3	epiregulin	protein-coding	Up	8.71	5.89e-05
2070	EYA4	CMD1J|DFNA10	MIM:603550|HGNC:HGNC:3522|Ensembl:ENSG00000112319|Vega:OTTHUMG00000015602	6q23.2	EYA transcriptional coactivator and phosphatase 4	protein-coding	Down	-3.09	0.0228
2118	ETV4	E1A-F|E1AF|PEA3|PEAS3	MIM:600711|HGNC:HGNC:3493|Ensembl:ENSG00000175832|Vega:OTTHUMG00000180884	17q21.31	ETS variant 4	protein-coding	Up	4.97	0.000122
213	ALB	HSA|PRO0883|PRO0903|PRO1341	MIM:103600|HGNC:HGNC:399|Ensembl:ENSG00000163631|Vega:OTTHUMG00000129919	4q13.3	albumin	protein-coding	Up	8.83	3.38e-05
2139	EYA2	EAB1	MIM:601654|HGNC:HGNC:3520|Ensembl:ENSG00000064655|Vega:OTTHUMG00000033041	20q13.12	EYA transcriptional coactivator and phosphatase 2	protein-coding	Up	6.72	0.00165
2146	EZH2	ENX-1|ENX1|EZH1|EZH2b|KMT6|KMT6A|WVS|WVS2	MIM:601573|HGNC:HGNC:3527|Ensembl:ENSG00000106462|Vega:OTTHUMG00000158973	7q36.1	enhancer of zeste 2 polycomb repressive complex 2 subunit	protein-coding	Up	6.23	0.0373
2153	F5	FVL|PCCF|RPRGL1|THPH2	MIM:612309|HGNC:HGNC:3542|Ensembl:ENSG00000198734|Vega:OTTHUMG00000034595	1q24.2	coagulation factor V	protein-coding	Up	6.26	0.00263
216	ALDH1A1	ALDC|ALDH-E1|ALDH1|ALDH11|HEL-9|HEL-S-53e|HEL12|PUMB1|RALDH1	MIM:100640|HGNC:HGNC:402|Ensembl:ENSG00000165092|Vega:OTTHUMG00000020019	9q21.13	aldehyde dehydrogenase 1 family member A1	protein-coding	Down	-8.58	0.00373
2170	FABP3	FABP11|H-FABP|M-FABP|MDGI|O-FABP	MIM:134651|HGNC:HGNC:3557|Ensembl:ENSG00000121769|Vega:OTTHUMG00000003797	1p35.2	fatty acid binding protein 3	protein-coding	Down	-3.85	0.000164
218	ALDH3A1	ALDH3|ALDHIII	MIM:100660|HGNC:HGNC:405|Ensembl:ENSG00000108602|Vega:OTTHUMG00000059469	17p11.2	aldehyde dehydrogenase 3 family member A1	protein-coding	Down	-4.91	9.41e-07
2191	FAP	DPPIV|FAPA|FAPalpha|SIMP	MIM:600403|HGNC:HGNC:3590|Ensembl:ENSG00000078098|Vega:OTTHUMG00000153890	2q24.2	fibroblast activation protein alpha	protein-coding	Up	6.73	0.000511
2194	FASN	FAS|OA-519|SDR27X1	MIM:600212|HGNC:HGNC:3594|Ensembl:ENSG00000169710|Vega:OTTHUMG00000178527	17q25.3	fatty acid synthase	protein-coding	Down	-2.62	0.0493
219681	ARMC3	CT81|KU-CT-1	MIM:611226|HGNC:HGNC:30964|Ensembl:ENSG00000165309|Vega:OTTHUMG00000017811	10p12.2	armadillo repeat containing 3	protein-coding	Down	-9.81	3.8e-05
2202	EFEMP1	DHRD|DRAD|FBLN3|FBNL|FIBL-3|MLVT|MTLV|S1-5	MIM:601548|HGNC:HGNC:3218|Ensembl:ENSG00000115380|Vega:OTTHUMG00000129343	2p16.1	EGF containing fibulin like extracellular matrix protein 1	protein-coding	Down	-6.61	0.0443
2219	FCN1	FCNM	MIM:601252|HGNC:HGNC:3623|Ensembl:ENSG00000085265|Vega:OTTHUMG00000020895	9q34.3	ficolin 1	protein-coding	Down	-4.42	0.0346
222663	SCUBE3	CEGF3	MIM:614708|HGNC:HGNC:13655|Ensembl:ENSG00000146197|Vega:OTTHUMG00000014562	6p21.31	"signal peptide, CUB domain and EGF like domain containing 3"	protein-coding	Up	5.4	0.00389
2243	FGA	Fib2	MIM:134820|HGNC:HGNC:3661|Ensembl:ENSG00000171560|Vega:OTTHUMG00000150330	4q31.3	fibrinogen alpha chain	protein-coding	Down	-9.69	1.07e-14
2246	FGF1	AFGF|ECGF|ECGF-beta|ECGFA|ECGFB|FGF-1|FGF-alpha|FGFA|GLIO703|HBGF-1|HBGF1	MIM:131220|HGNC:HGNC:3665|Ensembl:ENSG00000113578|Vega:OTTHUMG00000059703	5q31.3	fibroblast growth factor 1	protein-coding	Up	4.36	0.0282
2254	FGF9	FGF-9|GAF|HBFG-9|HBGF-9|SYNS3	MIM:600921|HGNC:HGNC:3687|Ensembl:ENSG00000102678|Vega:OTTHUMG00000017412	13q12.11	fibroblast growth factor 9	protein-coding	Down	-5.79	0.0312
2261	FGFR3	ACH|CD333|CEK2|HSFGFR3EX|JTK4	MIM:134934|HGNC:HGNC:3690|Ensembl:ENSG00000068078|Vega:OTTHUMG00000121148	4p16.3	fibroblast growth factor receptor 3	protein-coding	Down	-5.59	1.07e-05
2263	FGFR2	BBDS|BEK|BFR-1|CD332|CEK3|CFD1|ECT1|JWS|K-SAM|KGFR|TK14|TK25	MIM:176943|HGNC:HGNC:3689|Ensembl:ENSG00000066468|Vega:OTTHUMG00000019175	10q26.13	fibroblast growth factor receptor 2	protein-coding	Down	-5.53	0.0107
2264	FGFR4	CD334|JTK2|TKF	MIM:134935|HGNC:HGNC:3691|Ensembl:ENSG00000160867|Vega:OTTHUMG00000151523	5q35.2	fibroblast growth factor receptor 4	protein-coding	Down	-5.91	1.33e-06
2266	FGG	-	MIM:134850|HGNC:HGNC:3694|Ensembl:ENSG00000171557|Vega:OTTHUMG00000150329	4q32.1	fibrinogen gamma chain	protein-coding	Down	-12.22	1.76e-17
2273	FHL1	FHL-1|FHL1A|FHL1B|FLH1A|KYOT|RBMX1A|RBMX1B|SLIM|SLIM-1|SLIM1|SLIMMER|XMPMA	MIM:300163|HGNC:HGNC:3702|Ensembl:ENSG00000022267|Vega:OTTHUMG00000022504	Xq26.3	four and a half LIM domains 1	protein-coding	Down	-3.88	0.0125
22943	DKK1	DKK-1|SK	MIM:605189|HGNC:HGNC:2891|Ensembl:ENSG00000107984|Vega:OTTHUMG00000018247	10q21.1	dickkopf WNT signaling pathway inhibitor 1	protein-coding	Up	6.94	0.000201
22974	TPX2	C20orf1|C20orf2|DIL-2|DIL2|FLS353|GD:C20orf1|HCA519|HCTP4|REPP86|p100	MIM:605917|HGNC:HGNC:1249|Ensembl:ENSG00000088325|Vega:OTTHUMG00000032190	20q11.21	"TPX2, microtubule nucleation factor"	protein-coding	Up	4.13	0.000969
2305	FOXM1	FKHL16|FOXM1B|HFH-11|HFH11|HNF-3|INS-1|MPHOSPH2|MPP-2|MPP2|PIG29|TRIDENT	MIM:602341|HGNC:HGNC:3818|Ensembl:ENSG00000111206|Vega:OTTHUMG00000168118	12p13.33	forkhead box M1	protein-coding	Up	4.47	0.00136
23089	PEG10	EDR|HB-1|MEF3L|Mar2|Mart2|RGAG3	MIM:609810|HGNC:HGNC:14005|Ensembl:ENSG00000242265|Vega:OTTHUMG00000155578	7q21.3	paternally expressed 10	protein-coding	Down	-5.8	0.00123
23136	EPB41L3	4.1B|DAL-1|DAL1	MIM:605331|HGNC:HGNC:3380|Ensembl:ENSG00000082397|Vega:OTTHUMG00000131562	18p11.31	erythrocyte membrane protein band 4.1 like 3	protein-coding	Down	-4.75	0.0449
23213	SULF1	SULF-1	MIM:610012|HGNC:HGNC:20391|Ensembl:ENSG00000137573|Vega:OTTHUMG00000164466	8q13.2-q13.3	sulfatase 1	protein-coding	Up	4.97	0.00314
23345	SYNE1	8B|ARCA1|C6orf98|CPG2|EDMD4|MYNE1|Nesp1|SCAR8|dJ45H2.2	MIM:608441|HGNC:HGNC:17089|Ensembl:ENSG00000131018|Vega:OTTHUMG00000015841	6q25.2	spectrin repeat containing nuclear envelope protein 1	protein-coding	Down	-6.95	0.0219
23452	ANGPTL2	ARP2|HARP	MIM:605001|HGNC:HGNC:490|Ensembl:ENSG00000136859|Vega:OTTHUMG00000020695	9q33.3	angiopoietin like 2	protein-coding	Up	4.51	0.0426
2348	FOLR1	FBP|FOLR	MIM:136430|HGNC:HGNC:3791|Ensembl:ENSG00000110195|Vega:OTTHUMG00000167876	11q13.4	folate receptor 1	protein-coding	Down	-9.92	2.04e-05
23532	PRAME	CT130|MAPE|OIP-4|OIP4	MIM:606021|HGNC:HGNC:9336|Ensembl:ENSG00000185686|Vega:OTTHUMG00000151172	22q11.22	preferentially expressed antigen in melanoma	protein-coding	Up	9.5	8.73e-11
23554	TSPAN12	EVR5|NET-2|NET2|TM4SF12	MIM:613138|HGNC:HGNC:21641|Ensembl:ENSG00000106025|Vega:OTTHUMG00000156980	7q31.31	tetraspanin 12	protein-coding	Down	-3.78	0.0225
23650	TRIM29	ATDC	MIM:610658|HGNC:HGNC:17274|Ensembl:ENSG00000137699|Vega:OTTHUMG00000140377	11q23.3	tripartite motif containing 29	protein-coding	Down	-8.82	8.17e-05
249	ALPL	AP-TNAP|APTNAP|HOPS|TNAP|TNSALP	MIM:171760|HGNC:HGNC:438|Ensembl:ENSG00000162551|Vega:OTTHUMG00000002949	1p36.12	"alkaline phosphatase, liver/bone/kidney"	protein-coding	Down	-9.05	2.85e-05
2524	FUT2	B12QTL1|SE|SEC2|Se2|sej	MIM:182100|HGNC:HGNC:4013|Ensembl:ENSG00000176920|Vega:OTTHUMG00000164427	19q13.33	fucosyltransferase 2	protein-coding	Up	7.39	0.000466
2525	FUT3	CD174|FT3B|FucT-III|LE|Les	MIM:111100|HGNC:HGNC:4014|Ensembl:ENSG00000171124|Vega:OTTHUMG00000180614	19p13.3	fucosyltransferase 3 (Lewis blood group)	protein-coding	Up	4.84	0.0302
2528	FUT6	FCT3A|FT1A|Fuc-TVI|FucT-VI	MIM:136836|HGNC:HGNC:4017|Ensembl:ENSG00000156413|Vega:OTTHUMG00000167335	19p13.3	fucosyltransferase 6	protein-coding	Up	5.28	0.0018
2556	GABRA3	-	MIM:305660|HGNC:HGNC:4077|Ensembl:ENSG00000011677|Vega:OTTHUMG00000024183	Xq28	gamma-aminobutyric acid type A receptor alpha3 subunit	protein-coding	Up	7.87	0.00649
25818	KLK5	KLK-L2|KLKL2|SCTE	MIM:605643|HGNC:HGNC:6366|Ensembl:ENSG00000167754|Vega:OTTHUMG00000183097	19q13.41	kallikrein related peptidase 5	protein-coding	Up	5.78	7.05e-07
2583	B4GALNT1	GALGT|GALNACT|GalNAc-T|SPG26	MIM:601873|HGNC:HGNC:4117|Ensembl:ENSG00000135454|Vega:OTTHUMG00000170190	12q13.3	"beta-1,4-N-acetyl-galactosaminyltransferase 1"	protein-coding	Up	3.87	0.00066
25878	MXRA5	-	MIM:300938|HGNC:HGNC:7539|Ensembl:ENSG00000101825|Vega:OTTHUMG00000021083	Xp22.33	matrix remodeling associated 5	protein-coding	Up	2.94	0.00604
25890	ABI3BP	NESHBP|TARSH	MIM:606279|HGNC:HGNC:17265|Ensembl:ENSG00000154175|Vega:OTTHUMG00000159094	3q12.2	ABI family member 3 binding protein	protein-coding	Down	-8.93	0.00118
259	AMBP	A1M|EDC1|HCP|HI30|IATIL|ITI|ITIL|ITILC|UTI	MIM:176870|HGNC:HGNC:453|Ensembl:ENSG00000106927|Vega:OTTHUMG00000020534	9q32	alpha-1-microglobulin/bikunin precursor	protein-coding	Up	6.04	0.00571
2591	GALNT3	GalNAc-T3|HFTC|HHS	MIM:601756|HGNC:HGNC:4125|Ensembl:ENSG00000115339|Vega:OTTHUMG00000132157	2q24.3	polypeptide N-acetylgalactosaminyltransferase 3	protein-coding	Down	-3.94	0.0299
259266	ASPM	ASP|Calmbp1|MCPH5	MIM:605481|HGNC:HGNC:19048|Ensembl:ENSG00000066279|Vega:OTTHUMG00000036277	1q31.3	abnormal spindle microtubule assembly	protein-coding	Up	4.9	0.000362
26085	KLK13	KLK-L4|KLKL4	MIM:605505|HGNC:HGNC:6361|Ensembl:ENSG00000167759|Vega:OTTHUMG00000182912	19q13.41	kallikrein related peptidase 13	protein-coding	Up	7.06	0.0114
2624	GATA2	DCML|IMD21|MONOMAC|NFE1B	MIM:137295|HGNC:HGNC:4171|Ensembl:ENSG00000179348|Vega:OTTHUMG00000159689	3q21.3	GATA binding protein 2	protein-coding	Down	-3.91	0.0031
26256	CABYR	CABYRa|CABYRc|CABYRc/d|CABYRe|CBP86|CT88|FSP-2|FSP2	MIM:612135|HGNC:HGNC:15569|Ensembl:ENSG00000154040|Vega:OTTHUMG00000037365	18q11.2	calcium binding tyrosine phosphorylation regulated	protein-coding	Up	7	0.000169
2626	GATA4	ASD2|TACHD|TOF|VSD1	MIM:600576|HGNC:HGNC:4173|Ensembl:ENSG00000136574|Vega:OTTHUMG00000090800	8p23.1	GATA binding protein 4	protein-coding	Up	8.93	0.000896
26468	LHX6	LHX6.1	MIM:608215|HGNC:HGNC:21735|Ensembl:ENSG00000106852|Vega:OTTHUMG00000020601	9q33.2	LIM homeobox 6	protein-coding	Down	-4.6	0.0337
26575	RGS17	RGS-17|RGSZ2|hRGS17	MIM:607191|HGNC:HGNC:14088|Ensembl:ENSG00000091844|Vega:OTTHUMG00000015858	6q25.2	regulator of G-protein signaling 17	protein-coding	Up	7.46	0.0132
26585	GREM1	C15DUPq|CKTSF1B1|CRAC1|CRCS4|DAND2|DRM|DUP15q|GREMLIN|HMPS|HMPS1|IHG-2|MPSH|PIG2	MIM:603054|HGNC:HGNC:2001|Ensembl:ENSG00000166923|Vega:OTTHUMG00000129319	15q13.3	"gremlin 1, DAN family BMP antagonist"	protein-coding	Up	6.83	2.5e-07
2678	GGT1	CD224|D22S672|D22S732|GGT|GGT 1|GTG	MIM:612346|HGNC:HGNC:4250|Ensembl:ENSG00000100031|Vega:OTTHUMG00000030859	22q11.23	gamma-glutamyltransferase 1	protein-coding	Down	-3.07	0.0426
2705	GJB1	CMTX|CMTX1|CX32	MIM:304040|HGNC:HGNC:4283|Ensembl:ENSG00000169562|Vega:OTTHUMG00000021797	Xq13.1	gap junction protein beta 1	protein-coding	Down	-9.43	0.0017
2706	GJB2	CX26|DFNA3|DFNA3A|DFNB1|DFNB1A|HID|KID|NSRD1|PPK	MIM:121011|HGNC:HGNC:4284|Ensembl:ENSG00000165474|Vega:OTTHUMG00000016513	13q12.11	gap junction protein beta 2	protein-coding	Up	7.02	2.24e-08
27076	LYPD3	C4.4A	MIM:609484|HGNC:HGNC:24880|Ensembl:ENSG00000124466|Vega:OTTHUMG00000182696	19q13.31	LY6/PLAUR domain containing 3	protein-coding	Up	6.33	0.000187
2719	GPC3	DGSX|GTR2-2|MXR7|OCI-5|SDYS|SGB|SGBS|SGBS1	MIM:300037|HGNC:HGNC:4451|Ensembl:ENSG00000147257|Vega:OTTHUMG00000022448	Xq26.2	glypican 3	protein-coding	Down	-5.63	0.00202
2729	GCLC	GCL|GCS|GLCL|GLCLC	MIM:606857|HGNC:HGNC:4311|Ensembl:ENSG00000001084|Vega:OTTHUMG00000160220	6p12.1	glutamate-cysteine ligase catalytic subunit	protein-coding	Up	5.32	0.0403
273	AMPH	AMPH1	MIM:600418|HGNC:HGNC:471|Ensembl:ENSG00000078053|Vega:OTTHUMG00000023725	7p14.1	amphiphysin	protein-coding	Up	4.59	0.0499
2731	GLDC	GCE|GCSP|HYGN1	MIM:238300|HGNC:HGNC:4313|Ensembl:ENSG00000178445|Vega:OTTHUMG00000019524	9p24.1	glycine decarboxylase	protein-coding	Up	7.8	0.00179
28231	SLCO4A1	OATP-E|OATP1|OATP4A1|OATPE|OATPRP1|POAT|SLC21A12	MIM:612436|HGNC:HGNC:10953|Ensembl:ENSG00000101187|Vega:OTTHUMG00000032923	20q13.33	solute carrier organic anion transporter family member 4A1	protein-coding	Up	7.64	0.000193
2833	CXCR3	CD182|CD183|CKR-L2|CMKAR3|GPR9|IP10-R|Mig-R|MigR	MIM:300574|HGNC:HGNC:4540|Ensembl:ENSG00000186810|Vega:OTTHUMG00000033326	Xq13.1	C-X-C motif chemokine receptor 3	protein-coding	Up	5.22	0.0426
284	ANGPT1	AGP1|AGPT|ANG1	MIM:601667|HGNC:HGNC:484|Ensembl:ENSG00000154188|Vega:OTTHUMG00000164812	8q23.1	angiopoietin 1	protein-coding	Down	-5.15	0.0133
285	ANGPT2	AGPT2|ANG2	MIM:601922|HGNC:HGNC:485|Ensembl:ENSG00000091879|Vega:OTTHUMG00000090365	8p23.1	angiopoietin 2	protein-coding	Up	3.11	0.00414
290	ANPEP	APN|CD13|GP150|LAP1|P150|PEPN	MIM:151530|HGNC:HGNC:500|Ensembl:ENSG00000166825|Vega:OTTHUMG00000149814	15q26.1	"alanyl aminopeptidase, membrane"	protein-coding	Down	-2.34	0.0279
29089	UBE2T	FANCT|HSPC150|PIG50	MIM:610538|HGNC:HGNC:25009|Ensembl:ENSG00000077152|Vega:OTTHUMG00000041392	1q32.1	ubiquitin conjugating enzyme E2 T	protein-coding	Up	4.22	0.0168
29126	CD274	B7-H|B7H1|PD-L1|PDCD1L1|PDCD1LG1|PDL1	MIM:605402|HGNC:HGNC:17635|Ensembl:ENSG00000120217|Vega:OTTHUMG00000019503	9p24.1	CD274 molecule	protein-coding	Down	-5.63	0.00226
2919	CXCL1	FSP|GRO1|GROa|MGSA|MGSA-a|NAP-3|SCYB1	MIM:155730|HGNC:HGNC:4602|Ensembl:ENSG00000163739|Vega:OTTHUMG00000160866	4q13.3	C-X-C motif chemokine ligand 1	protein-coding	Down	-5.99	0.0015
2920	CXCL2	CINC-2a|GRO2|GROb|MGSA-b|MIP-2a|MIP2|MIP2A|SCYB2	MIM:139110|HGNC:HGNC:4603|Ensembl:ENSG00000081041|Vega:OTTHUMG00000160865	4q13.3	C-X-C motif chemokine ligand 2	protein-coding	Down	-5.13	2.77e-08
2922	GRP	BN|GRP-10|preproGRP|proGRP	MIM:137260|HGNC:HGNC:4605|Ensembl:ENSG00000134443|Vega:OTTHUMG00000132760	18q21.32	gastrin releasing peptide	protein-coding	Down	-7.21	1.18e-14
2938	GSTA1	GST-epsilon|GST2|GSTA1-1|GTH1	MIM:138359|HGNC:HGNC:4626|Ensembl:ENSG00000243955|Vega:OTTHUMG00000014861	6p12.2	glutathione S-transferase alpha 1	protein-coding	Down	-4.88	2.26e-07
2939	GSTA2	GST2|GSTA2-2|GTA2|GTH2	MIM:138360|HGNC:HGNC:4627|Ensembl:ENSG00000244067|Vega:OTTHUMG00000016263	6p12.2	glutathione S-transferase alpha 2	protein-coding	Down	-8.21	6.35e-16
29968	PSAT1	EPIP|NLS2|PSA|PSAT|PSATD	MIM:610936|HGNC:HGNC:19129|Ensembl:ENSG00000135069|Vega:OTTHUMG00000020066	9q21.2	phosphoserine aminotransferase 1	protein-coding	Up	4.74	0.00663
3053	SERPIND1	D22S673|HC2|HCF2|HCII|HLS2|LS2|THPH10	MIM:142360|HGNC:HGNC:4838|Ensembl:ENSG00000099937|Vega:OTTHUMG00000150755	22q11.21	serpin family D member 1	protein-coding	Down	-10.57	3.81e-08
306	ANXA3	ANX3	MIM:106490|HGNC:HGNC:541|Ensembl:ENSG00000138772|Vega:OTTHUMG00000130198	4q21.21	annexin A3	protein-coding	Down	-4.99	1.64e-05
3082	HGF	DFNB39|F-TCF|HGFB|HPTA|SF	MIM:142409|HGNC:HGNC:4893|Ensembl:ENSG00000019991|Vega:OTTHUMG00000023804	7q21.11	hepatocyte growth factor	protein-coding	Up	3.19	0.0453
3135	HLA-G	MHC-G	MIM:142871|HGNC:HGNC:4964|Ensembl:ENSG00000204632|Vega:OTTHUMG00000031157	6p22.1	"major histocompatibility complex, class I, G"	protein-coding	Up	3.97	0.000932
3149	HMGB3	HMG-2a|HMG-4|HMG2A|HMG4	MIM:300193|HGNC:HGNC:5004|Ensembl:ENSG00000029993|Vega:OTTHUMG00000024162	Xq28	high mobility group box 3	protein-coding	Up	3.62	0.00589
3164	NR4A1	GFRP1|HMR|N10|NAK-1|NGFIB|NP10|NUR77|TR3	MIM:139139|HGNC:HGNC:7980|Ensembl:ENSG00000123358|Vega:OTTHUMG00000150393	12q13.13	nuclear receptor subfamily 4 group A member 1	protein-coding	Down	-3.4	0.00479
3170	FOXA2	HNF3B|TCF3B	MIM:600288|HGNC:HGNC:5022|Ensembl:ENSG00000125798|Vega:OTTHUMG00000191876	20p11.21	forkhead box A2	protein-coding	Down	-11.24	1.3e-05
3172	HNF4A	FRTS4|HNF4|HNF4a7|HNF4a8|HNF4a9|HNF4alpha|MODY|MODY1|NR2A1|NR2A21|TCF|TCF14	MIM:600281|HGNC:HGNC:5024|Ensembl:ENSG00000101076|Vega:OTTHUMG00000032531	20q13.12	hepatocyte nuclear factor 4 alpha	protein-coding	Up	10.14	3.27e-06
3205	HOXA9	ABD-B|HOX1|HOX1.7|HOX1G	MIM:142956|HGNC:HGNC:5109|Ensembl:ENSG00000078399|Vega:OTTHUMG00000023220	7p15.2	homeobox A9	protein-coding	Up	7.75	0.017
3219	HOXB9	HOX-2.5|HOX2|HOX2E	MIM:142964|HGNC:HGNC:5120|Ensembl:ENSG00000170689|Vega:OTTHUMG00000159907	17q21.32	homeobox B9	protein-coding	Up	10.5	2.96e-12
3240	HP	BP|HP2ALPHA2|HPA1S	MIM:140100|HGNC:HGNC:5141|Ensembl:ENSG00000257017|Vega:OTTHUMG00000173009	16q22.2	haptoglobin	protein-coding	Down	-8.02	3.39e-07
3248	HPGD	15-PGDH|PGDH|PGDH1|PHOAR1|SDR36C1	MIM:601688|HGNC:HGNC:5154|Ensembl:ENSG00000164120|Vega:OTTHUMG00000160772	4q34.1	hydroxyprostaglandin dehydrogenase 15-(NAD)	protein-coding	Down	-3.33	0.00037
332	BIRC5	API4|EPR-1	MIM:603352|HGNC:HGNC:593|Ensembl:ENSG00000089685|Vega:OTTHUMG00000177505	17q25.3	baculoviral IAP repeat containing 5	protein-coding	Up	9.44	0.00114
3371	TNC	150-225|DFNA56|GMEM|GP|HXB|JI|TN|TN-C	MIM:187380|HGNC:HGNC:5318|Ensembl:ENSG00000041982|Vega:OTTHUMG00000021010	9q33.1	tenascin C	protein-coding	Up	3.39	0.0032
3373	HYAL1	HYAL-1|LUCA1|MPS9|NAT6	MIM:607071|HGNC:HGNC:5320|Ensembl:ENSG00000114378|Vega:OTTHUMG00000156941	3p21.31	hyaluronoglucosaminidase 1	protein-coding	Down	-5.03	2.03e-05
3397	ID1	ID|bHLHb24	MIM:600349|HGNC:HGNC:5360|Ensembl:ENSG00000125968|Vega:OTTHUMG00000032181	20q11.21	"inhibitor of DNA binding 1, HLH protein"	protein-coding	Down	-4.17	0.000479
3479	IGF1	IGF-I|IGFI|MGF	MIM:147440|HGNC:HGNC:5464|Ensembl:ENSG00000017427|Vega:OTTHUMG00000149910	12q23.2	insulin like growth factor 1	protein-coding	Up	3.41	0.00166
3481	IGF2	C11orf43|GRDF|IGF-II|PP9974	MIM:147470|HGNC:HGNC:5466|Ensembl:ENSG00000167244|Vega:OTTHUMG00000009395	11p15.5	insulin like growth factor 2	protein-coding	Down	-4.22	0.00137
3485	IGFBP2	IBP2|IGF-BP53	MIM:146731|HGNC:HGNC:5471|Ensembl:ENSG00000115457|Vega:OTTHUMG00000155341	2q35	insulin like growth factor binding protein 2	protein-coding	Up	3.54	0.0141
3486	IGFBP3	BP-53|IBP3	MIM:146732|HGNC:HGNC:5472|Ensembl:ENSG00000146674|Vega:OTTHUMG00000023769	7p12.3	insulin like growth factor binding protein 3	protein-coding	Up	4.41	0.0166
3552	IL1A	IL-1A|IL1|IL1-ALPHA|IL1F1	MIM:147760|HGNC:HGNC:5991|Ensembl:ENSG00000115008|Vega:OTTHUMG00000131315	2q14.1	interleukin 1 alpha	protein-coding	Down	-6.23	0.0275
3553	IL1B	IL-1|IL1-BETA|IL1F2	MIM:147720|HGNC:HGNC:5992|Ensembl:ENSG00000125538|Vega:OTTHUMG00000131344	2q14.1	interleukin 1 beta	protein-coding	Down	-5.86	0.00331
3569	IL6	BSF-2|BSF2|CDF|HGF|HSF|IFN-beta-2|IFNB2|IL-6	MIM:147620|HGNC:HGNC:6018|Ensembl:ENSG00000136244|Vega:OTTHUMG00000023178	7p15.3	interleukin 6	protein-coding	Down	-7.84	0.000143
3575	IL7R	CD127|CDW127|IL-7R-alpha|IL7RA|ILRA	MIM:146661|HGNC:HGNC:6024|Ensembl:ENSG00000168685|Vega:OTTHUMG00000090791	5p13.2	interleukin 7 receptor	protein-coding	Down	-2.99	0.0026
3577	CXCR1	C-C|C-C-CKR-1|CD128|CD181|CDw128a|CKR-1|CMKAR1|IL8R1|IL8RA|IL8RBA	MIM:146929|HGNC:HGNC:6026|Ensembl:ENSG00000163464|Vega:OTTHUMG00000133108	2q35	C-X-C motif chemokine receptor 1	protein-coding	Down	-9.01	0.00383
3579	CXCR2	CD182|CDw128b|CMKAR2|IL8R2|IL8RA|IL8RB	MIM:146928|HGNC:HGNC:6027|Ensembl:ENSG00000180871|Vega:OTTHUMG00000133107	2q35	C-X-C motif chemokine receptor 2	protein-coding	Down	-5.1	0.0191
3589	IL11	AGIF|IL-11	MIM:147681|HGNC:HGNC:5966|Ensembl:ENSG00000095752|Vega:OTTHUMG00000180789	19q13.42	interleukin 11	protein-coding	Up	8.72	0.000126
362	AQP5	AQP-5|PPKB	MIM:600442|HGNC:HGNC:638|Ensembl:ENSG00000161798|Vega:OTTHUMG00000169710	12q13.12	aquaporin 5	protein-coding	Up	4.67	1.4e-06
3624	INHBA	EDF|FRP	MIM:147290|HGNC:HGNC:6066|Ensembl:ENSG00000122641|Vega:OTTHUMG00000023574	7p14.1	inhibin beta A subunit	protein-coding	Down	-3.98	0.00632
3642	INSM1	IA-1|IA1	MIM:600010|HGNC:HGNC:6090|Ensembl:ENSG00000173404|Vega:OTTHUMG00000032004	20p11.23	INSM transcriptional repressor 1	protein-coding	Up	10.39	7.81e-08
366	AQP9	AQP-9|HsT17287|SSC1|T17287	MIM:602914|HGNC:HGNC:643|Ensembl:ENSG00000103569|Vega:OTTHUMG00000132631	15q21.3	aquaporin 9	protein-coding	Down	-2.9	0.0355
3690	ITGB3	BDPLT16|BDPLT2|CD61|GP3A|GPIIIa|GT	MIM:173470|HGNC:HGNC:6156|Ensembl:ENSG00000259207|Ensembl:ENSG00000259753|Vega:OTTHUMG00000171956|Vega:OTTHUMG00000171957	17q21.32	integrin subunit beta 3	protein-coding	Up	3.6	0.00497
3691	ITGB4	CD104|GP150	MIM:147557|HGNC:HGNC:6158|Ensembl:ENSG00000132470|Vega:OTTHUMG00000179814	17q25.1	integrin subunit beta 4	protein-coding	Up	4.45	0.0425
3696	ITGB8	-	MIM:604160|HGNC:HGNC:6163|Ensembl:ENSG00000105855|Vega:OTTHUMG00000023594	7p21.1	integrin subunit beta 8	protein-coding	Up	3.32	0.0402
3706	ITPKA	IP3-3KA|IP3KA	MIM:147521|HGNC:HGNC:6178|Ensembl:ENSG00000137825|Vega:OTTHUMG00000130343	15q15.1	inositol-trisphosphate 3-kinase A	protein-coding	Up	11.32	2.97e-06
374	AREG	AR|AREGB|CRDGF|SDGF	MIM:104640|HGNC:HGNC:651|Ensembl:ENSG00000109321|Vega:OTTHUMG00000130006	4q13.3	amphiregulin	protein-coding	Down	-5.54	0.00189
3741	KCNA5	ATFB7|HCK1|HK2|HPCN1|KV1.5|PCN1	MIM:176267|HGNC:HGNC:6224|Ensembl:ENSG00000130037|Vega:OTTHUMG00000168232	12p13.32	potassium voltage-gated channel subfamily A member 5	protein-coding	Down	-4.18	0.00571
374897	SBSN	UNQ698	MIM:609969|HGNC:HGNC:24950|Ensembl:ENSG00000189001|Vega:OTTHUMG00000048102	19q13.12	suprabasin	protein-coding	Up	12.88	5.05e-06
3756	KCNH1	EAG|EAG1|Kv10.1|TMBTS|ZLS1|h-eag|hEAG1	MIM:603305|HGNC:HGNC:6250|Ensembl:ENSG00000143473|Vega:OTTHUMG00000036309	1q32.2	potassium voltage-gated channel subfamily H member 1	protein-coding	Up	7.43	0.00167
3760	KCNJ3	GIRK1|KGA|KIR3.1	MIM:601534|HGNC:HGNC:6264|Ensembl:ENSG00000162989|Vega:OTTHUMG00000131937	2q24.1	potassium voltage-gated channel subfamily J member 3	protein-coding	Up	6.16	0.0313
3798	KIF5A	D12S1889|MY050|NEIMY|NKHC|SPG10	MIM:602821|HGNC:HGNC:6323|Ensembl:ENSG00000155980|Vega:OTTHUMG00000170143	12q13.3	kinesin family member 5A	protein-coding	Up	7.73	0.000524
3832	KIF11	EG5|HKSP|KNSL1|MCLMR|TRIP5	MIM:148760|HGNC:HGNC:6388|Ensembl:ENSG00000138160|Vega:OTTHUMG00000018761	10q23.33	kinesin family member 11	protein-coding	Up	3.91	0.00785
3833	KIFC1	HSET|KNSL2	MIM:603763|HGNC:HGNC:6389|Ensembl:ENSG00000237649|Vega:OTTHUMG00000031209	6p21.32	kinesin family member C1	protein-coding	Up	5.75	0.0263
3852	KRT5	CK5|DDD|DDD1|EBS2|K5|KRT5A	MIM:148040|HGNC:HGNC:6442|Ensembl:ENSG00000186081|Vega:OTTHUMG00000169657	12q13.13	keratin 5	protein-coding	Down	-8.81	0.000159
3887	KRT81	HB1|Hb-1|KRTHB1|MLN137|ghHkb1|hHAKB2-1	MIM:602153|HGNC:HGNC:6458|Ensembl:ENSG00000205426|Vega:OTTHUMG00000167574	12q13.13	keratin 81	protein-coding	Up	9.21	6.82e-07
3897	L1CAM	CAML1|CD171|HSAS|HSAS1|MASA|MIC5|N-CAM-L1|N-CAML1|NCAM-L1|S10|SPG1	MIM:308840|HGNC:HGNC:6470|Ensembl:ENSG00000198910|Vega:OTTHUMG00000024221	Xq28	L1 cell adhesion molecule	protein-coding	Up	5.93	0.00337
3934	LCN2	24p3|MSFI|NGAL|p25	MIM:600181|HGNC:HGNC:6526|Ensembl:ENSG00000148346|Vega:OTTHUMG00000020734	9q34.11	lipocalin 2	protein-coding	Up	5.67	7.01e-05
3952	LEP	LEPD|OB|OBS	MIM:164160|HGNC:HGNC:6553|Ensembl:ENSG00000174697|Vega:OTTHUMG00000157564	7q32.1	leptin	protein-coding	Down	-7.48	0.000371
3953	LEPR	CD295|LEP-R|LEPRD|OB-R|OBR	MIM:601007|HGNC:HGNC:6554|Ensembl:ENSG00000116678|Vega:OTTHUMG00000009115	1p31.3	leptin receptor	protein-coding	Down	-3.48	0.0339
3960	LGALS4	GAL4|L36LBP	MIM:602518|HGNC:HGNC:6565|Ensembl:ENSG00000171747|Vega:OTTHUMG00000182608	19q13.2	galectin 4	protein-coding	Up	9.06	3.04e-07
4015	LOX	AAT10	MIM:153455|HGNC:HGNC:6664|Ensembl:ENSG00000113083|Vega:OTTHUMG00000128914	5q23.1	lysyl oxidase	protein-coding	Up	4.04	0.0454
4017	LOXL2	LOR2|WS9-14	MIM:606663|HGNC:HGNC:6666|Ensembl:ENSG00000134013|Vega:OTTHUMG00000163797	8p21.3	lysyl oxidase like 2	protein-coding	Up	3.25	0.0037
4023	LPL	HDLCQ11|LIPD	MIM:609708|HGNC:HGNC:6677|Ensembl:ENSG00000175445|Vega:OTTHUMG00000036645	8p21.3	lipoprotein lipase	protein-coding	Down	-3.83	2.61e-05
4057	LTF	GIG12|HEL110|HLF2|LF	MIM:150210|HGNC:HGNC:6720|Ensembl:ENSG00000012223|Vega:OTTHUMG00000156325	3p21.31	lactotransferrin	protein-coding	Up	4.37	2.99e-05
4085	MAD2L1	HSMAD2|MAD2	MIM:601467|HGNC:HGNC:6763|Ensembl:ENSG00000164109|Vega:OTTHUMG00000132967	4q27	MAD2 mitotic arrest deficient-like 1 (yeast)	protein-coding	Up	5.5	0.0395
4091	SMAD6	AOVD2|HsT17432|MADH6|MADH7	MIM:602931|HGNC:HGNC:6772|Ensembl:ENSG00000137834|Vega:OTTHUMG00000133218	15q22.31	SMAD family member 6	protein-coding	Down	-4.26	0.00049
4100	MAGEA1	CT1.1|MAGE1	MIM:300016|HGNC:HGNC:6796|Ensembl:ENSG00000198681|Vega:OTTHUMG00000024192	Xq28	MAGE family member A1	protein-coding	Up	8.55	0.000242
4105	MAGEA6	CT1.6|MAGE-3b|MAGE3B|MAGE6	MIM:300176|HGNC:HGNC:6804|Ensembl:ENSG00000197172|Vega:OTTHUMG00000022642	Xq28	MAGE family member A6	protein-coding	Up	12.76	1.16e-09
4133	MAP2	MAP2A|MAP2B|MAP2C	MIM:157130|HGNC:HGNC:6839|Ensembl:ENSG00000078018|Vega:OTTHUMG00000132962	2q34	microtubule associated protein 2	protein-coding	Down	-5.75	0.0187
4151	MB	PVALB|myoglobgin	MIM:160000|HGNC:HGNC:6915|Ensembl:ENSG00000198125|Vega:OTTHUMG00000150606	22q12.3	myoglobin	protein-coding	Up	5.76	0.000322
4162	MCAM	CD146|MUC18	MIM:155735|HGNC:HGNC:6934|Ensembl:ENSG00000076706|Vega:OTTHUMG00000166197	11q23.3	melanoma cell adhesion molecule	protein-coding	Down	-2.75	0.00632
4192	MDK	ARAP|MK|NEGF2	MIM:162096|HGNC:HGNC:6972|Ensembl:ENSG00000110492|Vega:OTTHUMG00000150315	11p11.2	midkine (neurite growth-promoting factor 2)	protein-coding	Up	3.67	0.015
4288	MKI67	KIA|MIB-|MIB-1|PPP1R105	MIM:176741|HGNC:HGNC:7107|Ensembl:ENSG00000148773|Vega:OTTHUMG00000019255	10q26.2	marker of proliferation Ki-67	protein-coding	Up	4.42	0.000193
429	ASCL1	ASH1|HASH1|MASH1|bHLHa46	MIM:100790|HGNC:HGNC:738|Ensembl:ENSG00000139352|Vega:OTTHUMG00000169967	12q23.2	achaete-scute family bHLH transcription factor 1	protein-coding	Up	13.71	2.94e-07
43	ACHE	ACEE|ARACHE|N-ACHE|YT	MIM:100740|HGNC:HGNC:108|Ensembl:ENSG00000087085|Vega:OTTHUMG00000157033	7q22.1	acetylcholinesterase (Cartwright blood group)	protein-coding	Up	5.34	0.000482
430	ASCL2	ASH2|HASH2|MASH2|bHLHa45	MIM:601886|HGNC:HGNC:739|Ensembl:ENSG00000183734|Vega:OTTHUMG00000009648	11p15.5	achaete-scute family bHLH transcription factor 2	protein-coding	Up	6.17	0.00211
4311	MME	CALLA|CD10|CMT2T|NEP|SCA43|SFE	MIM:120520|HGNC:HGNC:7154|Ensembl:ENSG00000196549|Vega:OTTHUMG00000158455	3q25.2	membrane metalloendopeptidase	protein-coding	Down	-8.02	7.19e-09
4312	MMP1	CLG|CLGN	MIM:120353|HGNC:HGNC:7155|Ensembl:ENSG00000196611|Vega:OTTHUMG00000048192	11q22.2	matrix metallopeptidase 1	protein-coding	Up	8.05	9.57e-09
4314	MMP3	CHDS6|MMP-3|SL-1|STMY|STMY1|STR1	MIM:185250|HGNC:HGNC:7173|Ensembl:ENSG00000149968|Vega:OTTHUMG00000048254	11q22.2	matrix metallopeptidase 3	protein-coding	Up	7.61	0.00151
4316	MMP7	MMP-7|MPSL1|PUMP-1	MIM:178990|HGNC:HGNC:7174|Ensembl:ENSG00000137673|Vega:OTTHUMG00000048193	11q22.2	matrix metallopeptidase 7	protein-coding	Up	5.66	0.000959
4317	MMP8	CLG1|HNC|MMP-8|PMNL-CL	MIM:120355|HGNC:HGNC:7175|Ensembl:ENSG00000118113|Vega:OTTHUMG00000167587	11q22.2	matrix metallopeptidase 8	protein-coding	Up	7.65	0.0498
4318	MMP9	CLG4B|GELB|MANDP2|MMP-9	MIM:120361|HGNC:HGNC:7176|Ensembl:ENSG00000100985|Vega:OTTHUMG00000033044	20q13.12	matrix metallopeptidase 9	protein-coding	Up	6.48	6.51e-06
4319	MMP10	SL-2|STMY2	MIM:185260|HGNC:HGNC:7156|Ensembl:ENSG00000166670|Vega:OTTHUMG00000168083	11q22.2	matrix metallopeptidase 10	protein-coding	Up	6.57	0.00171
4321	MMP12	HME|ME|MME|MMP-12	MIM:601046|HGNC:HGNC:7158|Ensembl:ENSG00000262406|Vega:OTTHUMG00000165848	11q22.2	matrix metallopeptidase 12	protein-coding	Up	11.96	6.7e-08
4322	MMP13	CLG3|MANDP1|MDST|MMP-13	MIM:600108|HGNC:HGNC:7159|Ensembl:ENSG00000137745|Vega:OTTHUMG00000165850	11q22.2	matrix metallopeptidase 13	protein-coding	Up	10.81	4.17e-10
4440	MSI1	-	MIM:603328|HGNC:HGNC:7330|Ensembl:ENSG00000135097|Vega:OTTHUMG00000169344	12q24.31	musashi RNA binding protein 1	protein-coding	Up	4.42	0.00519
4481	MSR1	CD204|SCARA1|SR-A|SRA|phSR1|phSR2	MIM:153622|HGNC:HGNC:7376|Ensembl:ENSG00000038945|Vega:OTTHUMG00000094809	8p22	macrophage scavenger receptor 1	protein-coding	Down	-4.76	0.0167
4495	MT1G	MT1|MT1K	MIM:156353|HGNC:HGNC:7399|Ensembl:ENSG00000125144|Vega:OTTHUMG00000133275	16q13	metallothionein 1G	protein-coding	Up	4.26	0.00361
4582	MUC1	ADMCKD|ADMCKD1|CA 15-3|CD227|EMA|H23AG|KL-6|MAM6|MCD|MCKD|MCKD1|MUC-1|MUC-1/SEC|MUC-1/X|MUC1/ZD|PEM|PEMT|PUM	MIM:158340|HGNC:HGNC:7508|Ensembl:ENSG00000185499|Vega:OTTHUMG00000035681	1q22	"mucin 1, cell surface associated"	protein-coding	Down	-8.03	0.0435
4585	MUC4	ASGP|HSA276359|MUC-4	MIM:158372|HGNC:HGNC:7514|Ensembl:ENSG00000145113|Vega:OTTHUMG00000151827	3q29	"mucin 4, cell surface associated"	protein-coding	Up	7.31	0.000147
4602	MYB	Cmyb|c-myb|c-myb_CDS|efg	MIM:189990|HGNC:HGNC:7545|Ensembl:ENSG00000118513|Vega:OTTHUMG00000015629	6q23.3	"MYB proto-oncogene, transcription factor"	protein-coding	Up	8.14	0.0101
4684	NCAM1	CD56|MSK39|NCAM	MIM:116930|HGNC:HGNC:7656|Ensembl:ENSG00000149294|Vega:OTTHUMG00000167196	11q23.2	neural cell adhesion molecule 1	protein-coding	Up	4.72	6.58e-05
4751	NEK2	HsPK21|NEK2A|NLK1|PPP1R111|RP67	MIM:604043|HGNC:HGNC:7745|Ensembl:ENSG00000117650|Vega:OTTHUMG00000037121	1q32.3	NIMA related kinase 2	protein-coding	Up	5.65	0.000515
4826	NNAT	Peg5	MIM:603106|HGNC:HGNC:7860|Ensembl:ENSG00000053438|Vega:OTTHUMG00000032420	20q11.23	neuronatin	protein-coding	Up	7.91	0.0004
4856	NOV	CCN3|IBP-9|IGFBP-9|IGFBP9|NOVh	MIM:164958|HGNC:HGNC:7885|Ensembl:ENSG00000136999|Vega:OTTHUMG00000164984	8q24.12	nephroblastoma overexpressed	protein-coding	Down	-4.14	7.78e-06
4878	NPPA	ANF|ANP|ATFB6|ATRST2|CDD|CDD-ANF|CDP|PND	MIM:108780|HGNC:HGNC:7939|Ensembl:ENSG00000175206|Vega:OTTHUMG00000002388	1p36.22	natriuretic peptide A	protein-coding	Up	7.19	0.0319
4884	NPTX1	NP1	MIM:602367|HGNC:HGNC:7952|Ensembl:ENSG00000171246|Vega:OTTHUMG00000177607	17q25.3	neuronal pentraxin 1	protein-coding	Up	9.34	2.08e-05
4915	NTRK2	GP145-TrkB|TRKB|trk-B	MIM:600456|HGNC:HGNC:8032|Ensembl:ENSG00000148053|Vega:OTTHUMG00000020120	9q21.33	neurotrophic receptor tyrosine kinase 2	protein-coding	Down	-5.92	7.71e-05
4920	ROR2	BDB|BDB1|NTRKR2	MIM:602337|HGNC:HGNC:10257|Ensembl:ENSG00000169071|Vega:OTTHUMG00000020211	9q22.31	receptor tyrosine kinase like orphan receptor 2	protein-coding	Up	2.96	0.00456
4922	NTS	NMN-125|NN|NT|NT/N|NTS1	MIM:162650|HGNC:HGNC:8038|Ensembl:ENSG00000133636|Vega:OTTHUMG00000169832	12q21.31	neurotensin	protein-coding	Down	-7.91	1.67e-08
4923	NTSR1	NTR	MIM:162651|HGNC:HGNC:8039|Ensembl:ENSG00000101188|Vega:OTTHUMG00000032932	20q13.33	neurotensin receptor 1	protein-coding	Up	11.38	5.01e-07
4929	NR4A2	HZF-3|NOT|NURR1|RNR1|TINUR	MIM:601828|HGNC:HGNC:7981|Ensembl:ENSG00000153234|Vega:OTTHUMG00000131950	2q24.1	nuclear receptor subfamily 4 group A member 2	protein-coding	Down	-3.87	3.03e-05
4978	OPCML	IGLON1|OBCAM|OPCM	MIM:600632|HGNC:HGNC:8143|Ensembl:ENSG00000183715|Vega:OTTHUMG00000163658	11q25	opioid binding protein/cell adhesion molecule like	protein-coding	Up	5.78	0.019
5004	ORM1	AGP-A|AGP1|HEL-S-153w|ORM	MIM:138600|HGNC:HGNC:8498|Ensembl:ENSG00000229314|Vega:OTTHUMG00000021012	9q32	orosomucoid 1	protein-coding	Down	-7.17	0.000268
5008	OSM	-	MIM:165095|HGNC:HGNC:8506|Ensembl:ENSG00000099985|Vega:OTTHUMG00000150913	22q12.2	oncostatin M	protein-coding	Up	5.52	0.000628
5031	P2RY6	P2Y6	MIM:602451|HGNC:HGNC:8543|Ensembl:ENSG00000171631|Vega:OTTHUMG00000167969	11q13.4	pyrimidinergic receptor P2Y6	protein-coding	Up	4.45	0.00303
5047	PAEP	GD|GdA|GdF|GdS|PAEG|PEP|PP14	MIM:173310|HGNC:HGNC:8573|Ensembl:ENSG00000122133|Vega:OTTHUMG00000020914	9q34.3	progestagen associated endometrial protein	protein-coding	Up	11.62	1.05e-09
50506	DUOX2	LNOX2|NOXEF2|P138-TOX|TDH6|THOX2	MIM:606759|HGNC:HGNC:13273|Ensembl:ENSG00000140279|Vega:OTTHUMG00000131355	15q21.1	dual oxidase 2	protein-coding	Down	-6.55	0.0493
5054	SERPINE1	PAI|PAI-1|PAI1|PLANH1	MIM:173360|HGNC:HGNC:8583|Ensembl:ENSG00000106366|Vega:OTTHUMG00000157107	7q22.1	serpin family E member 1	protein-coding	Down	-3.09	0.00235
5069	PAPPA	ASBABP2|DIPLA1|IGFBP-4ase|PAPA|PAPP-A|PAPPA1	MIM:176385|HGNC:HGNC:8602|Ensembl:ENSG00000182752|Vega:OTTHUMG00000021045	9q33.1	pappalysin 1	protein-coding	Up	3.34	0.0067
5079	PAX5	ALL3|BSAP	MIM:167414|HGNC:HGNC:8619|Ensembl:ENSG00000196092|Vega:OTTHUMG00000019907	9p13.2	paired box 5	protein-coding	Up	8.48	0.0381
50943	FOXP3	AIID|DIETER|IPEX|JM2|PIDX|XPID	MIM:300292|HGNC:HGNC:6106|Ensembl:ENSG00000049768|Vega:OTTHUMG00000024135	Xp11.23	forkhead box P3	protein-coding	Up	5.32	0.0189
51129	ANGPTL4	ARP4|FIAF|HARP|HFARP|NL2|PGAR|TGQTL|UNQ171|pp1158	MIM:605910|HGNC:HGNC:16039|Ensembl:ENSG00000167772|Vega:OTTHUMG00000182273	19p13.2	angiopoietin like 4	protein-coding	Up	4.18	0.00925
51162	EGFL7	NEU1|VE-STATIN|ZNEU1	MIM:608582|HGNC:HGNC:20594|Ensembl:ENSG00000172889|Vega:OTTHUMG00000020938	9q34.3	EGF like domain multiple 7	protein-coding	Down	-4.18	0.00258
51208	CLDN18	SFTA5|SFTPJ	MIM:609210|HGNC:HGNC:2039|Ensembl:ENSG00000066405|Vega:OTTHUMG00000159762	3q22.3	claudin 18	protein-coding	Down	-7.47	2.43e-06
5122	PCSK1	BMIQ12|NEC1|PC1|PC3|SPC3	MIM:162150|HGNC:HGNC:8743|Ensembl:ENSG00000175426|Vega:OTTHUMG00000122089	5q15	proprotein convertase subtilisin/kexin type 1	protein-coding	Up	8.62	1.01e-09
5126	PCSK2	NEC 2|NEC-2|NEC2|PC2|SPC2	MIM:162151|HGNC:HGNC:8744|Ensembl:ENSG00000125851|Vega:OTTHUMG00000031941	20p12.1	proprotein convertase subtilisin/kexin type 2	protein-coding	Down	-6.47	0.000222
51280	GOLM1	C9orf155|GOLPH2|GP73|HEL46|PSEC0257|bA379P1.3	MIM:606804|HGNC:HGNC:15451|Ensembl:ENSG00000135052|Vega:OTTHUMG00000020130	9q21.33	golgi membrane protein 1	protein-coding	Up	3.05	0.0492
51297	BPIFA1	LUNX|NASG|PLUNC|SPLUNC1|SPURT|bA49G10.5	MIM:607412|HGNC:HGNC:15749|Ensembl:ENSG00000198183|Vega:OTTHUMG00000032243	20q11.21	BPI fold containing family A member 1	protein-coding	Up	10.86	1.01e-07
51311	TLR8	CD288	MIM:300366|HGNC:HGNC:15632|Ensembl:ENSG00000101916|Vega:OTTHUMG00000021145	Xp22.2	toll like receptor 8	protein-coding	Down	-5.08	0.0295
51364	ZMYND10	BLU|CILD22|FLU	MIM:607070|HGNC:HGNC:19412|Ensembl:ENSG00000004838|Vega:OTTHUMG00000156874	3p21.31	zinc finger MYND-type containing 10	protein-coding	Down	-8.47	1.07e-06
5144	PDE4D	ACRDYS2|DPDE3|HSPDE4D|PDE43|PDE4DN2|STRK1	MIM:600129|HGNC:HGNC:8783|Ensembl:ENSG00000113448|Vega:OTTHUMG00000162218	5q11.2-q12.1	phosphodiesterase 4D	protein-coding	Down	-4.5	0.0316
51512	GTSE1	B99	MIM:607477|HGNC:HGNC:13698|Ensembl:ENSG00000075218|Vega:OTTHUMG00000150486	22q13.31	G2 and S-phase expressed 1	protein-coding	Up	8.42	0.00733
5155	PDGFB	IBGC5|PDGF-2|PDGF2|SIS|SSV|c-sis	MIM:190040|HGNC:HGNC:8800|Ensembl:ENSG00000100311|Vega:OTTHUMG00000151029	22q13.1	platelet derived growth factor subunit B	protein-coding	Down	-3.52	0.0099
51557	LGSN	GLULD1|LGS	MIM:611470|HGNC:HGNC:21016|Ensembl:ENSG00000146166|Vega:OTTHUMG00000014946	6q12	"lengsin, lens protein with glutamine synthetase domain"	protein-coding	Up	6.53	1.26e-08
51561	IL23A	IL-23|IL-23A|IL23P19|P19|SGRF	MIM:605580|HGNC:HGNC:15488|Ensembl:ENSG00000110944|Vega:OTTHUMG00000187402	12q13.3	interleukin 23 subunit alpha	protein-coding	Up	7.32	0.000623
51738	GHRL	MTLRP	MIM:605353|HGNC:HGNC:18129|Ensembl:ENSG00000157017|Vega:OTTHUMG00000155360	3p25.3	ghrelin and obestatin prepropeptide	protein-coding	Up	5.94	2.82e-06
5176	SERPINF1	EPC-1|OI12|OI6|PEDF|PIG35	MIM:172860|HGNC:HGNC:8824|Ensembl:ENSG00000132386|Vega:OTTHUMG00000090571	17p13.3	serpin family F member 1	protein-coding	Up	3.5	0.0265
5228	PGF	D12S1900|PGFL|PIGF|PLGF|PlGF-2|SHGC-10760	MIM:601121|HGNC:HGNC:8893|Ensembl:ENSG00000119630|Vega:OTTHUMG00000171496	14q24.3	placental growth factor	protein-coding	Up	7.04	0.0137
5243	ABCB1	ABC20|CD243|CLCS|GP170|MDR1|P-GP|PGY1	MIM:171050|HGNC:HGNC:40|Ensembl:ENSG00000085563|Vega:OTTHUMG00000023393	7q21.12	ATP binding cassette subfamily B member 1	protein-coding	Down	-5.17	0.0304
5244	ABCB4	ABC21|GBD1|ICP3|MDR2|MDR2/3|MDR3|PFIC-3|PGY3	MIM:171060|HGNC:HGNC:45|Ensembl:ENSG00000005471|Vega:OTTHUMG00000023396	7q21.12	ATP binding cassette subfamily B member 4	protein-coding	Up	5.41	0.00391
5268	SERPINB5	PI5|maspin	MIM:154790|HGNC:HGNC:8949|Ensembl:ENSG00000206075|Vega:OTTHUMG00000141307	18q21.33	serpin family B member 5	protein-coding	Up	11.12	6.84e-07
5284	PIGR	-	MIM:173880|HGNC:HGNC:8968|Ensembl:ENSG00000162896|Vega:OTTHUMG00000036581	1q32.1	polymeric immunoglobulin receptor	protein-coding	Down	-11.2	0.000448
5307	PITX1	BFT|CCF|LBNBG|POTX|PTX1	MIM:602149|HGNC:HGNC:9004|Ensembl:ENSG00000069011|Vega:OTTHUMG00000149983	5q31.1	paired like homeodomain 1	protein-coding	Up	11.51	1.45e-07
5308	PITX2	ARP1|Brx1|IDG2|IGDS|IGDS2|IHG2|IRID2|Otlx2|PTX2|RGS|RIEG|RIEG1|RS	MIM:601542|HGNC:HGNC:9005|Ensembl:ENSG00000164093|Vega:OTTHUMG00000132837	4q25	paired like homeodomain 2	protein-coding	Up	9	2.73e-07
5320	PLA2G2A	MOM1|PLA2|PLA2B|PLA2L|PLA2S|PLAS1|sPLA2	MIM:172411|HGNC:HGNC:9031|Ensembl:ENSG00000188257|Vega:OTTHUMG00000002699	1p36.13	phospholipase A2 group IIA	protein-coding	Down	-7.75	3.12e-07
5321	PLA2G4A	PLA2G4|cPLA2|cPLA2-alpha	MIM:600522|HGNC:HGNC:9035|Ensembl:ENSG00000116711|Vega:OTTHUMG00000035512	1q31.1	phospholipase A2 group IVA	protein-coding	Up	6.07	0.00484
5327	PLAT	T-PA|TPA	MIM:173370|HGNC:HGNC:9051|Ensembl:ENSG00000104368|Vega:OTTHUMG00000164072	8p11.21	"plasminogen activator, tissue type"	protein-coding	Up	5.04	0.0349
5328	PLAU	ATF|BDPLT5|QPD|UPA|URK|u-PA	MIM:191840|HGNC:HGNC:9052|Ensembl:ENSG00000122861|Vega:OTTHUMG00000018494	10q22.2	"plasminogen activator, urokinase"	protein-coding	Up	4.18	0.0148
5347	PLK1	PLK|STPK13	MIM:602098|HGNC:HGNC:9077|Ensembl:ENSG00000166851|Vega:OTTHUMG00000096984	16p12.2	polo like kinase 1	protein-coding	Up	4.91	0.00143
5349	FXYD3	MAT8|PLML	MIM:604996|HGNC:HGNC:4027|Ensembl:ENSG00000089356|Vega:OTTHUMG00000184625	19q13.12	FXYD domain containing ion transport regulator 3	protein-coding	Down	-4.25	0.000199
5366	PMAIP1	APR|NOXA	MIM:604959|HGNC:HGNC:9108|Ensembl:ENSG00000141682|Vega:OTTHUMG00000132765	18q21.32	phorbol-12-myristate-13-acetate-induced protein 1	protein-coding	Up	4.65	0.0134
53836	GPR87	FKSG78|GPR95|KPG_002	MIM:606379|HGNC:HGNC:4538|Ensembl:ENSG00000138271|Vega:OTTHUMG00000159858	3q25.1	G protein-coupled receptor 87	protein-coding	Up	8.25	1.56e-05
53905	DUOX1	LNOX1|NOXEF1|THOX1	MIM:606758|HGNC:HGNC:3062|Ensembl:ENSG00000137857|Vega:OTTHUMG00000171987	15q21.1	dual oxidase 1	protein-coding	Down	-8.76	6.3e-06
54210	TREM1	CD354|TREM-1	MIM:605085|HGNC:HGNC:17760|Ensembl:ENSG00000124731|Vega:OTTHUMG00000014674	6p21.1	triggering receptor expressed on myeloid cells 1	protein-coding	Down	-5.97	0.00732
54345	SOX18	HLTRS|HLTS	MIM:601618|HGNC:HGNC:11194|Ensembl:ENSG00000203883|Vega:OTTHUMG00000033017	20q13.33	SRY-box 18	protein-coding	Down	-3.43	0.0129
54578	UGT1A6	GNT1|HLUGP|HLUGP1|UDPGT|UDPGT 1-6|UGT1|UGT1A6S|UGT1F	MIM:606431|HGNC:HGNC:12538|Ensembl:ENSG00000167165|Vega:OTTHUMG00000059122	2q37.1	UDP glucuronosyltransferase family 1 member A6	protein-coding	Up	9.6	3.18e-12
5468	PPARG	CIMT1|GLM1|NR1C3|PPARG1|PPARG2|PPARgamma	MIM:601487|HGNC:HGNC:9236|Ensembl:ENSG00000132170|Vega:OTTHUMG00000129764	3p25.2	peroxisome proliferator activated receptor gamma	protein-coding	Down	-2.99	0.00515
55107	ANO1	DOG1|ORAOV2|TAOS2|TMEM16A	MIM:610108|HGNC:HGNC:21625|Ensembl:ENSG00000131620|Vega:OTTHUMG00000167204	11q13.3	anoctamin 1	protein-coding	Down	-2.79	0.00618
55143	CDCA8	BOR|BOREALIN|DasraB|MESRGP	MIM:609977|HGNC:HGNC:14629|Ensembl:ENSG00000134690|Vega:OTTHUMG00000004320	1p34.3	cell division cycle associated 8	protein-coding	Up	4.88	0.000524
55165	CEP55	C10orf3|CT111|URCC6	MIM:610000|HGNC:HGNC:1161|Ensembl:ENSG00000138180|Vega:OTTHUMG00000018774	10q23.33	centrosomal protein 55	protein-coding	Up	7.11	0.0086
55259	CASC1	LAS1|PPP1R54	MIM:616906|HGNC:HGNC:29599|Ensembl:ENSG00000118307|Vega:OTTHUMG00000150195	12p12.1	cancer susceptibility candidate 1	protein-coding	Down	-8.21	0.0482
55273	TMEM100	-	MIM:616334|HGNC:HGNC:25607|Ensembl:ENSG00000166292|Vega:OTTHUMG00000177858	17q22	transmembrane protein 100	protein-coding	Down	-9.36	8.43e-07
55359	STYK1	NOK|SuRTK106	MIM:611433|HGNC:HGNC:18889|Ensembl:ENSG00000060140|Vega:OTTHUMG00000168408	12p13.2	serine/threonine/tyrosine kinase 1	protein-coding	Up	6.18	0.00451
5551	PRF1	FLH2|HPLH2|P1|PFN1|PFP	MIM:170280|HGNC:HGNC:9360|Ensembl:ENSG00000180644|Vega:OTTHUMG00000018412	10q22.1	perforin 1	protein-coding	Down	-2.83	0.0435
55584	CHRNA9	HSA243342|NACHRA9	MIM:605116|HGNC:HGNC:14079|Ensembl:ENSG00000174343|Vega:OTTHUMG00000099375	4p14	cholinergic receptor nicotinic alpha 9 subunit	protein-coding	Up	8.93	0.000244
55612	FERMT1	C20orf42|DTGCU2|KIND1|UNC112A|URP1	MIM:607900|HGNC:HGNC:15889|Ensembl:ENSG00000101311|Vega:OTTHUMG00000031826	20p12.3	fermitin family member 1	protein-coding	Up	6.89	0.00156
55789	DEPDC1B	BRCC3|XTP1	MIM:616073|HGNC:HGNC:24902|Ensembl:ENSG00000035499|Vega:OTTHUMG00000097083	5q12.1	DEP domain containing 1B	protein-coding	Up	6.99	0.00376
5581	PRKCE	PKCE|nPKC-epsilon	MIM:176975|HGNC:HGNC:9401|Ensembl:ENSG00000171132|Vega:OTTHUMG00000128817	2p21	protein kinase C epsilon	protein-coding	Down	-2.89	0.0436
55872	PBK	CT84|HEL164|Nori-3|SPK|TOPK	MIM:611210|HGNC:HGNC:18282|Ensembl:ENSG00000168078|Vega:OTTHUMG00000102113	8p21.1	PDZ binding kinase	protein-coding	Up	4.62	0.00368
55885	LMO3	RBTN3|RBTNL2|RHOM3|Rhom-3	MIM:180386|HGNC:HGNC:6643|Ensembl:ENSG00000048540|Vega:OTTHUMG00000168837	12p12.3	LIM domain only 3	protein-coding	Down	-11.58	9.13e-05
55959	SULF2	HSULF-2	MIM:610013|HGNC:HGNC:20392|Ensembl:ENSG00000196562|Vega:OTTHUMG00000032675	20q13.12	sulfatase 2	protein-coding	Up	3.14	0.0326
563	AZGP1	ZA2G|ZAG	MIM:194460|HGNC:HGNC:910|Ensembl:ENSG00000160862|Vega:OTTHUMG00000023066	7q22.1	"alpha-2-glycoprotein 1, zinc-binding"	protein-coding	Up	3.84	1.64e-05
5648	MASP1	3MC1|CRARF|CRARF1|MAP1|MASP|MASP3|MAp44|PRSS5|RaRF	MIM:600521|HGNC:HGNC:6901|Ensembl:ENSG00000127241|Vega:OTTHUMG00000156461	3q27.3	mannan binding lectin serine peptidase 1	protein-coding	Down	-5.04	0.0014
5650	KLK7	PRSS6|SCCE|hK7	MIM:604438|HGNC:HGNC:6368|Ensembl:ENSG00000169035|Vega:OTTHUMG00000182917	19q13.41	kallikrein related peptidase 7	protein-coding	Up	9.61	0.000112
5653	KLK6	Bssp|Klk7|PRSS18|PRSS9|SP59|hK6	MIM:602652|HGNC:HGNC:6367|Ensembl:ENSG00000167755|Vega:OTTHUMG00000183098	19q13.41	kallikrein related peptidase 6	protein-coding	Up	10.38	1.44e-07
5655	KLK10	NES1|PRSSL1	MIM:602673|HGNC:HGNC:6358|Ensembl:ENSG00000129451|Vega:OTTHUMG00000182916	19q13.41	kallikrein related peptidase 10	protein-coding	Down	-7.39	0.000116
56649	TMPRSS4	CAPH2|MT-SP2|TMPRSS3	MIM:606565|HGNC:HGNC:11878|Ensembl:ENSG00000137648|Vega:OTTHUMG00000164122	11q23.3	"transmembrane protease, serine 4"	protein-coding	Up	7.4	4.02e-09
56729	RETN	ADSF|FIZZ3|RETN1|RSTN|XCP1	MIM:605565|HGNC:HGNC:20389|Ensembl:ENSG00000104918|Vega:OTTHUMG00000182503	19p13.2	resistin	protein-coding	Down	-7.4	8.62e-06
56896	DPYSL5	CRAM|CRMP-5|CRMP5|Ulip6	MIM:608383|HGNC:HGNC:20637|Ensembl:ENSG00000157851|Vega:OTTHUMG00000097071	2p23.3	dihydropyrimidinase like 5	protein-coding	Up	7.06	1.31e-07
57016	AKR1B10	AKR1B11|AKR1B12|ALDRLn|ARL-1|ARL1|HIS|HSI	MIM:604707|HGNC:HGNC:382|Ensembl:ENSG00000198074|Vega:OTTHUMG00000155356	7q33	aldo-keto reductase family 1 member B10	protein-coding	Up	13.7	7.22e-08
57107	PDSS2	C6orf210|COQ10D3|DLP1|bA59I9.3|hDLP1	MIM:610564|HGNC:HGNC:23041|Ensembl:ENSG00000164494|Vega:OTTHUMG00000059359	6q21	decaprenyl diphosphate synthase subunit 2	protein-coding	Up	2.52	0.0188
5730	PTGDS	L-PGDS|LPGDS|PDS|PGD2|PGDS|PGDS2	MIM:176803|HGNC:HGNC:9592|Ensembl:ENSG00000107317|Vega:OTTHUMG00000020957	9q34.3	prostaglandin D2 synthase	protein-coding	Down	-6.38	0.0147
5743	PTGS2	COX-2|COX2|GRIPGHS|PGG/HS|PGHS-2|PHS-2|hCox-2	MIM:600262|HGNC:HGNC:9605|Ensembl:ENSG00000073756|Vega:OTTHUMG00000035473	1q31.1	prostaglandin-endoperoxide synthase 2	protein-coding	Down	-5.88	0.0076
5744	PTHLH	BDE2|HHM|PLP|PTHR|PTHRP	MIM:168470|HGNC:HGNC:9607|Ensembl:ENSG00000087494|Vega:OTTHUMG00000169221	12p11.22	parathyroid hormone like hormone	protein-coding	Up	7.43	0.0134
5764	PTN	HARP|HB-GAM|HBBM|HBGF-8|HBGF8|HBNF|HBNF-1|NEGF1|OSF-1	MIM:162095|HGNC:HGNC:9630|Ensembl:ENSG00000105894|Vega:OTTHUMG00000155709	7q33	pleiotrophin	protein-coding	Up	5.78	0.000147
5783	PTPN13	FAP-1|PNP1|PTP-BAS|PTP-BL|PTP1E|PTPL1|PTPLE|hPTP1E	MIM:600267|HGNC:HGNC:9646|Ensembl:ENSG00000163629|Vega:OTTHUMG00000160968	4q21.3	"protein tyrosine phosphatase, non-receptor type 13"	protein-coding	Down	-4.04	0.0416
5794	PTPRH	R-PTP-H|SAP1	MIM:602510|HGNC:HGNC:9672|Ensembl:ENSG00000080031|Vega:OTTHUMG00000180701	19q13.42	"protein tyrosine phosphatase, receptor type H"	protein-coding	Up	10.24	7.14e-06
5803	PTPRZ1	HPTPZ|HPTPzeta|PTP-ZETA|PTP18|PTPRZ|PTPZ|R-PTP-zeta-2|RPTPB|RPTPbeta|phosphacan	MIM:176891|HGNC:HGNC:9685|Ensembl:ENSG00000106278|Vega:OTTHUMG00000157057	7q31.32	"protein tyrosine phosphatase, receptor type Z1"	protein-coding	Up	3.08	0.00173
5806	PTX3	TNFAIP5|TSG-14	MIM:602492|HGNC:HGNC:9692|Ensembl:ENSG00000163661|Vega:OTTHUMG00000158750	3q25.32	pentraxin 3	protein-coding	Down	-5.34	0.00437
59272	ACE2	ACEH	MIM:300335|HGNC:HGNC:13557|Ensembl:ENSG00000130234|Vega:OTTHUMG00000021177	Xp22.2	angiotensin I converting enzyme 2	protein-coding	Up	4.42	0.00573
597	BCL2A1	ACC-1|ACC-2|ACC1|ACC2|BCL2L5|BFL1|GRS|HBPA1	MIM:601056|HGNC:HGNC:991|Ensembl:ENSG00000140379|Vega:OTTHUMG00000144173	15q25.1	BCL2 related protein A1	protein-coding	Down	-4.09	0.0455
5979	RET	CDHF12|CDHR16|HSCR1|MEN2A|MEN2B|MTC1|PTC|RET-ELE1|RET51	MIM:164761|HGNC:HGNC:9967|Ensembl:ENSG00000165731|Vega:OTTHUMG00000018024	10q11.21	ret proto-oncogene	protein-coding	Up	7.67	7.6e-07
6098	ROS1	MCF3|ROS|c-ros-1	MIM:165020|HGNC:HGNC:10261|Ensembl:ENSG00000047936|Vega:OTTHUMG00000016188	6q22.1	"ROS proto-oncogene 1, receptor tyrosine kinase"	protein-coding	Down	-8.76	0.000103
6236	RRAD	RAD|RAD1|REM3	MIM:179503|HGNC:HGNC:10446|Ensembl:ENSG00000166592|Vega:OTTHUMG00000137511	16q22.1	"RRAD, Ras related glycolysis inhibitor and calcium channel regulator"	protein-coding	Down	-5.54	0.00247
6241	RRM2	R2|RR2|RR2M	MIM:180390|HGNC:HGNC:10452|Ensembl:ENSG00000171848|Vega:OTTHUMG00000090449	2p25.1	ribonucleotide reductase regulatory subunit M2	protein-coding	Up	4.22	0.0033
6258	RXRG	NR2B3|RXRC	MIM:180247|HGNC:HGNC:10479|Ensembl:ENSG00000143171|Vega:OTTHUMG00000034626	1q23.3	retinoid X receptor gamma	protein-coding	Down	-7.15	0.00115
627	BDNF	ANON2|BULN2	MIM:113505|HGNC:HGNC:1033|Ensembl:ENSG00000176697|Vega:OTTHUMG00000178797	11p14.1	brain derived neurotrophic factor	protein-coding	Down	-4.71	0.00581
6273	S100A2	CAN19|S100L	MIM:176993|HGNC:HGNC:10492|Ensembl:ENSG00000196754|Vega:OTTHUMG00000035031	1q21.3	S100 calcium binding protein A2	protein-coding	Up	7.38	0.000726
6279	S100A8	60B8AG|CAGA|CFAG|CGLA|CP-10|L1Ag|MA387|MIF|MRP8|NIF|P8	MIM:123885|HGNC:HGNC:10498|Ensembl:ENSG00000143546|Vega:OTTHUMG00000013124	1q21.3	S100 calcium binding protein A8	protein-coding	Down	-5.45	0.00417
6285	S100B	NEF|S100|S100-B|S100beta	MIM:176990|HGNC:HGNC:10500|Ensembl:ENSG00000160307|Vega:OTTHUMG00000090715	21q22.3	S100 calcium binding protein B	protein-coding	Up	4.25	2.29e-05
6286	S100P	MIG9	MIM:600614|HGNC:HGNC:10504|Ensembl:ENSG00000163993|Vega:OTTHUMG00000090491	4p16.1	S100 calcium binding protein P	protein-coding	Up	8.12	5.91e-05
6288	SAA1	PIG4|SAA|SAA2|TP53I4	MIM:104750|HGNC:HGNC:10513|Ensembl:ENSG00000173432|Vega:OTTHUMG00000166147	11p15.1	serum amyloid A1	protein-coding	Up	5.68	0.00114
6289	SAA2	-	MIM:104751|HGNC:HGNC:10514|Ensembl:ENSG00000134339|Vega:OTTHUMG00000166484	11p15.1	serum amyloid A2	protein-coding	Up	7.7	0.000474
629	CFB	AHUS4|ARMD14|BF|BFD|CFAB|CFBD|FB|FBI12|GBG|H2-Bf|PBF2	MIM:138470|HGNC:HGNC:1037|Ensembl:ENSG00000243649|Vega:OTTHUMG00000031198	6p21.33	complement factor B	protein-coding	Down	-3.61	0.0414
6317	SERPINB3	HsT1196|SCC|SCCA-1|SCCA-PD|SCCA1|SSCA1|T4-A	MIM:600517|HGNC:HGNC:10569|Ensembl:ENSG00000057149|Vega:OTTHUMG00000060403	18q21.33	serpin family B member 3	protein-coding	Down	-8.72	2.29e-13
6318	SERPINB4	LEUPIN|PI11|SCCA-2|SCCA1|SCCA2	MIM:600518|HGNC:HGNC:10570|Ensembl:ENSG00000206073|Vega:OTTHUMG00000060405	18q21.33	serpin family B member 4	protein-coding	Up	11.37	2.17e-07
6319	SCD	FADS5|MSTP008|SCD1|SCDOS|hSCD1	MIM:604031|HGNC:HGNC:10571|Ensembl:ENSG00000099194|Vega:OTTHUMG00000018906	10q24.31	stearoyl-CoA desaturase	protein-coding	Down	-3.27	0.00448
634	CEACAM1	BGP|BGP1|BGPI	MIM:109770|HGNC:HGNC:1814|Ensembl:ENSG00000079385|Vega:OTTHUMG00000151078	19q13.2	carcinoembryonic antigen related cell adhesion molecule 1	protein-coding	Up	4.05	0.00929
6347	CCL2	GDCF-2|HC11|HSMCR30|MCAF|MCP-1|MCP1|SCYA2|SMC-CF	MIM:158105|HGNC:HGNC:10618|Ensembl:ENSG00000108691|Vega:OTTHUMG00000132887	17q12	C-C motif chemokine ligand 2	protein-coding	Down	-5.15	0.0106
6348	CCL3	G0S19-1|LD78ALPHA|MIP-1-alpha|MIP1A|SCYA3	MIM:182283|HGNC:HGNC:10627|Ensembl:ENSG00000277632|Vega:OTTHUMG00000188413	17q12	C-C motif chemokine ligand 3	protein-coding	Down	-4.72	6.68e-07
6351	CCL4	ACT2|AT744.1|G-26|HC21|LAG-1|LAG1|MIP-1-beta|MIP1B|MIP1B1|SCYA2|SCYA4	MIM:182284|HGNC:HGNC:10630|Ensembl:ENSG00000275302|Vega:OTTHUMG00000188414	17q12	C-C motif chemokine ligand 4	protein-coding	Down	-3.57	0.000242
6355	CCL8	HC14|MCP-2|MCP2|SCYA10|SCYA8	MIM:602283|HGNC:HGNC:10635|Ensembl:ENSG00000108700|Vega:OTTHUMG00000132883	17q12	C-C motif chemokine ligand 8	protein-coding	Up	4.98	0.0466
6361	CCL17	A-152E5.3|ABCD-2|SCYA17|TARC	MIM:601520|HGNC:HGNC:10615|Ensembl:ENSG00000102970|Vega:OTTHUMG00000133468	16q21	C-C motif chemokine ligand 17	protein-coding	Up	4.08	0.0358
6362	CCL18	AMAC-1|AMAC1|CKb7|DC-CK1|DCCK1|MIP-4|PARC|SCYA18	MIM:603757|HGNC:HGNC:10616|Ensembl:ENSG00000275385|Vega:OTTHUMG00000188410	17q12	C-C motif chemokine ligand 18	protein-coding	Down	-5.5	0.00963
6363	CCL19	CKb11|ELC|MIP-3b|MIP3B|SCYA19	MIM:602227|HGNC:HGNC:10617|Ensembl:ENSG00000172724|Vega:OTTHUMG00000019833	9p13.3	C-C motif chemokine ligand 19	protein-coding	Up	4.94	0.00014
6364	CCL20	CKb4|Exodus|LARC|MIP-3-alpha|MIP-3a|MIP3A|SCYA20|ST38	MIM:601960|HGNC:HGNC:10619|Ensembl:ENSG00000115009|Vega:OTTHUMG00000133189	2q36.3	C-C motif chemokine ligand 20	protein-coding	Down	-6.84	0.000609
6366	CCL21	6Ckine|CKb9|ECL|SCYA21|SLC|TCA4	MIM:602737|HGNC:HGNC:10620|Ensembl:ENSG00000137077|Vega:OTTHUMG00000019838	9p13.3	C-C motif chemokine ligand 21	protein-coding	Down	-3.73	0.0411
6367	CCL22	A-152E5.1|ABCD-1|DC/B-CK|MDC|SCYA22|STCP-1	MIM:602957|HGNC:HGNC:10621|Ensembl:ENSG00000102962|Vega:OTTHUMG00000133454	16q21	C-C motif chemokine ligand 22	protein-coding	Up	5.58	0.00777
6374	CXCL5	ENA-78|SCYB5	MIM:600324|HGNC:HGNC:10642|Ensembl:ENSG00000163735|Vega:OTTHUMG00000160871	4q13.3	C-X-C motif chemokine ligand 5	protein-coding	Down	-6.45	0.000168
63976	PRDM16	CMD1LL|KMT8F|LVNC8|MEL1|PFM13	MIM:605557|HGNC:HGNC:14000|Ensembl:ENSG00000142611|Vega:OTTHUMG00000000581	1p36.32	PR/SET domain 16	protein-coding	Down	-6.45	0.00847
6401	SELE	CD62E|ELAM|ELAM1|ESEL|LECAM2	MIM:131210|HGNC:HGNC:10718|Ensembl:ENSG00000007908|Vega:OTTHUMG00000034851	1q24.2	selectin E	protein-coding	Down	-6.44	1.07e-06
6403	SELP	CD62|CD62P|GMP140|GRMP|LECAM3|PADGEM|PSEL	MIM:173610|HGNC:HGNC:10721|Ensembl:ENSG00000174175|Vega:OTTHUMG00000034685	1q24.2	selectin P	protein-coding	Down	-6.12	0.000609
6422	SFRP1	FRP|FRP-1|FRP1|FrzA|SARP2	MIM:604156|HGNC:HGNC:10776|Ensembl:ENSG00000104332|Vega:OTTHUMG00000164074	8p11.21	secreted frizzled related protein 1	protein-coding	Up	3.2	0.000532
6424	SFRP4	FRP-4|FRPHE|PYL|sFRP-4	MIM:606570|HGNC:HGNC:10778|Ensembl:ENSG00000106483|Vega:OTTHUMG00000023026	7p14.1	secreted frizzled related protein 4	protein-coding	Up	5.8	9.43e-05
64399	HHIP	HIP	MIM:606178|HGNC:HGNC:14866|Ensembl:ENSG00000164161|Vega:OTTHUMG00000161428	4q31.21	hedgehog interacting protein	protein-coding	Down	-5.71	1.55e-06
6441	SFTPD	COLEC7|PSP-D|SFTP4|SP-D	MIM:178635|HGNC:HGNC:10803|Ensembl:ENSG00000133661|Vega:OTTHUMG00000018590	10q22.3	surfactant protein D	protein-coding	Down	-6.12	0.000115
64478	CSMD1	PPP1R24	MIM:608397|HGNC:HGNC:14026|Ensembl:ENSG00000183117|Vega:OTTHUMG00000163605	8p23.2	CUB and Sushi multiple domains 1	protein-coding	Up	8.81	0.00293
6474	SHOX2	OG12|OG12X|SHOT	MIM:602504|HGNC:HGNC:10854|Ensembl:ENSG00000168779|Vega:OTTHUMG00000158755	3q25.32	short stature homeobox 2	protein-coding	Up	9.82	0.00258
650	BMP2	BDA2|BMP2A	MIM:112261|HGNC:HGNC:1069|Ensembl:ENSG00000125845|Vega:OTTHUMG00000031833	20p12.3	bone morphogenetic protein 2	protein-coding	Down	-6.41	0.00129
6513	SLC2A1	CSE|DYT17|DYT18|DYT9|EIG12|GLUT|GLUT-1|GLUT1|GLUT1DS|HTLVR|PED|SDCHCN	MIM:138140|MIM:143090|HGNC:HGNC:11005|Ensembl:ENSG00000117394|Vega:OTTHUMG00000007657	1p34.2	solute carrier family 2 member 1	protein-coding	Up	4.73	0.00507
6518	SLC2A5	GLUT-5|GLUT5	MIM:138230|HGNC:HGNC:11010|Ensembl:ENSG00000142583|Vega:OTTHUMG00000001771	1p36.23	solute carrier family 2 member 5	protein-coding	Up	5.54	4.44e-05
655	BMP7	OP-1	MIM:112267|HGNC:HGNC:1074|Ensembl:ENSG00000101144|Vega:OTTHUMG00000032812	20q13.31	bone morphogenetic protein 7	protein-coding	Up	3.65	0.000223
6556	SLC11A1	LSH|NRAMP|NRAMP1	MIM:600266|HGNC:HGNC:10907|Ensembl:ENSG00000018280|Vega:OTTHUMG00000086747	2q35	solute carrier family 11 member 1	protein-coding	Down	-2.77	0.0106
6563	SLC14A1	HUT11|HsT1341|JK|RACH1|RACH2|UT-B1|UT1|UTE	MIM:613868|HGNC:HGNC:10918|Ensembl:ENSG00000141469|Vega:OTTHUMG00000132617	18q12.3	solute carrier family 14 member 1 (Kidd blood group)	protein-coding	Down	-4.65	0.00157
6578	SLCO2A1	MATR1|OATP2A1|PGT|PHOAR2|SLC21A2	MIM:601460|HGNC:HGNC:10955|Ensembl:ENSG00000174640|Vega:OTTHUMG00000159745	3q22.1-q22.2	solute carrier organic anion transporter family member 2A1	protein-coding	Down	-2.61	0.00952
6586	SLIT3	MEGF5|SLIL2|SLIT1|Slit-3|slit2	MIM:603745|HGNC:HGNC:11087|Ensembl:ENSG00000184347|Vega:OTTHUMG00000130409	5q34-q35.1	slit guidance ligand 3	protein-coding	Down	-5.93	0.00876
6590	SLPI	ALK1|ALP|BLPI|HUSI|HUSI-I|MPI|WAP4|WFDC4	MIM:107285|HGNC:HGNC:11092|Ensembl:ENSG00000124107|Vega:OTTHUMG00000033075	20q13.12	secretory leukocyte peptidase inhibitor	protein-coding	Down	-10.18	2.1e-05
65975	STK33	-	MIM:607670|HGNC:HGNC:14568|Ensembl:ENSG00000130413|Vega:OTTHUMG00000140275	11p15.4	serine/threonine kinase 33	protein-coding	Down	-10.81	0.0156
6623	SNCG	BCSG1|SR	MIM:602998|HGNC:HGNC:11141|Ensembl:ENSG00000173267|Vega:OTTHUMG00000018656	10q23.2	synuclein gamma	protein-coding	Up	4.39	0.00715
6649	SOD3	EC-SOD	MIM:185490|HGNC:HGNC:11181|Ensembl:ENSG00000109610|Vega:OTTHUMG00000128565	4p15.2	"superoxide dismutase 3, extracellular"	protein-coding	Down	-6.33	0.0448
6657	SOX2	ANOP3|MCOPS3	MIM:184429|HGNC:HGNC:11195|Ensembl:ENSG00000181449|Vega:OTTHUMG00000158222	3q26.33	SRY-box 2	protein-coding	Up	10.78	0.000132
6662	SOX9	CMD1|CMPD1|SRA1|SRXX2|SRXY10	MIM:608160|HGNC:HGNC:11204|Ensembl:ENSG00000125398|Vega:OTTHUMG00000166300	17q24.3	SRY-box 9	protein-coding	Up	3.27	0.000556
6693	SPN	CD43|GALGP|GPL115|LSN	MIM:182160|HGNC:HGNC:11249|Ensembl:ENSG00000197471|Vega:OTTHUMG00000097765	16p11.2	sialophorin	protein-coding	Down	-3.05	0.00527
6695	SPOCK1	SPOCK|TESTICAN|TIC1	MIM:602264|HGNC:HGNC:11251|Ensembl:ENSG00000152377|Vega:OTTHUMG00000129157	5q31.2	"SPARC/osteonectin, cwcv and kazal like domains proteoglycan 1"	protein-coding	Up	7.12	1.1e-08
6696	SPP1	BNSP|BSPI|ETA-1|OPN	MIM:166490|HGNC:HGNC:11255|Ensembl:ENSG00000118785|Vega:OTTHUMG00000130599	4q22.1	secreted phosphoprotein 1	protein-coding	Up	12.48	7.24e-05
6862	T	SAVA|TFT	MIM:601397|HGNC:HGNC:11515|Ensembl:ENSG00000164458|Vega:OTTHUMG00000015991	6q27	T brachyury transcription factor	protein-coding	Up	13.36	4.36e-06
6943	TCF21	POD1|bHLHa23	MIM:603306|HGNC:HGNC:11632|Ensembl:ENSG00000118526|Vega:OTTHUMG00000015608	6q23.2	transcription factor 21	protein-coding	Down	-4.3	0.00239
7010	TEK	CD202B|TIE-2|TIE2|VMCM|VMCM1	MIM:600221|HGNC:HGNC:11724|Ensembl:ENSG00000120156|Vega:OTTHUMG00000019712	9p21.2	TEK receptor tyrosine kinase	protein-coding	Down	-3.22	0.000522
7015	TERT	CMM9|DKCA2|DKCB4|EST2|PFBMFT1|TCS1|TP2|TRT|hEST2|hTRT	MIM:187270|HGNC:HGNC:11730|Ensembl:ENSG00000164362|Vega:OTTHUMG00000090357	5p15.33	telomerase reverse transcriptase	protein-coding	Up	8.61	0.000899
7018	TF	HEL-S-71p|PRO1557|PRO2086|TFQTL1	MIM:190000|HGNC:HGNC:11740|Ensembl:ENSG00000091513|Vega:OTTHUMG00000150356	3q22.1	transferrin	protein-coding	Up	8.94	8.78e-10
7020	TFAP2A	AP-2|AP-2alpha|AP2TF|BOFS|TFAP2	MIM:107580|HGNC:HGNC:11742|Ensembl:ENSG00000137203|Vega:OTTHUMG00000014235	6p24.3	transcription factor AP-2 alpha	protein-coding	Up	8.63	0.000287
7021	TFAP2B	AP-2B|AP2-B|PDA2	MIM:601601|HGNC:HGNC:11743|Ensembl:ENSG00000008196|Vega:OTTHUMG00000014836	6p12.3	transcription factor AP-2 beta	protein-coding	Up	12.92	0.000433
7033	TFF3	ITF|P1B|TFI	MIM:600633|HGNC:HGNC:11757|Ensembl:ENSG00000160180|Vega:OTTHUMG00000086798	21q22.3	trefoil factor 3	protein-coding	Down	-4.9	2.59e-07
7049	TGFBR3	BGCAN|betaglycan	MIM:600742|HGNC:HGNC:11774|Ensembl:ENSG00000069702|Vega:OTTHUMG00000010097	1p22.1	transforming growth factor beta receptor 3	protein-coding	Down	-5.83	0.00781
7051	TGM1	ARCI1|ICR2|KTG|LI|LI1|TGASE|TGK	MIM:190195|HGNC:HGNC:11777|Ensembl:ENSG00000092295|Vega:OTTHUMG00000029329	14q12	transglutaminase 1	protein-coding	Down	-6.75	1.22e-05
7070	THY1	CD90|CDw90	MIM:188230|HGNC:HGNC:11801|Ensembl:ENSG00000154096|Vega:OTTHUMG00000166202	11q23.3	Thy-1 cell surface antigen	protein-coding	Up	3.05	0.00336
7080	NKX2-1	BCH|BHC|NK-2|NKX2.1|NKX2A|NMTC1|T/EBP|TEBP|TITF1|TTF-1|TTF1	MIM:600635|HGNC:HGNC:11825|Ensembl:ENSG00000136352|Vega:OTTHUMG00000140225	14q13.3	NK2 homeobox 1	protein-coding	Down	-12.27	8.6e-05
7083	TK1	TK2	MIM:188300|HGNC:HGNC:11830|Ensembl:ENSG00000167900|Vega:OTTHUMG00000150674	17q25.3	thymidine kinase 1	protein-coding	Up	4.17	0.00348
7104	TM4SF4	ILTMP|il-TMP	MIM:606567|HGNC:HGNC:11856|Ensembl:ENSG00000169903|Vega:OTTHUMG00000159619	3q25.1	transmembrane 4 L six family member 4	protein-coding	Up	6.77	0.000114
7122	CLDN5	AWAL|BEC1|CPETRL1|TMVCF	MIM:602101|HGNC:HGNC:2047|Ensembl:ENSG00000184113|Vega:OTTHUMG00000150441	22q11.21	claudin 5	protein-coding	Down	-5.16	0.000108
7124	TNF	DIF|TNF-alpha|TNFA|TNFSF2|TNLG1F	MIM:191160|HGNC:HGNC:11892|Ensembl:ENSG00000232810|Vega:OTTHUMG00000031194	6p21.33	tumor necrosis factor	protein-coding	Up	4.52	0.0254
7153	TOP2A	TOP2|TP2A	MIM:126430|HGNC:HGNC:11989|Ensembl:ENSG00000131747|Vega:OTTHUMG00000155008	17q21.2	topoisomerase (DNA) II alpha	protein-coding	Up	5.35	3.61e-05
722	C4BPA	C4BP|PRP	MIM:120830|HGNC:HGNC:1325|Ensembl:ENSG00000123838|Vega:OTTHUMG00000036173	1q32.2	complement component 4 binding protein alpha	protein-coding	Down	-11.32	1.04e-06
727	C5	C5D|C5a|C5b|CPAMD4|ECLZB	MIM:120900|HGNC:HGNC:1331|Ensembl:ENSG00000106804|Vega:OTTHUMG00000020579	9q33.2	complement C5	protein-coding	Down	-3.21	0.00506
727897	MUC5B	MG1|MUC-5B|MUC5|MUC9	MIM:600770|HGNC:HGNC:7516|Ensembl:ENSG00000117983|Vega:OTTHUMG00000166494	11p15.5	"mucin 5B, oligomeric mucus/gel-forming"	protein-coding	Up	9.76	0.000125
7280	TUBB2A	CDCBM5|TUBB|TUBB2	MIM:615101|HGNC:HGNC:12412|Ensembl:ENSG00000137267|Vega:OTTHUMG00000014135	6p25.2	tubulin beta 2A class IIa	protein-coding	Up	3.25	0.0497
7291	TWIST1	ACS3|BPES2|BPES3|CRS|CRS1|CSO|SCS|TWIST|bHLHa38	MIM:601622|HGNC:HGNC:12428|Ensembl:ENSG00000122691|Vega:OTTHUMG00000090821	7p21.1	twist family bHLH transcription factor 1	protein-coding	Up	5.68	0.0326
7345	UCHL1	HEL-117|HEL-S-53|NDGOA|PARK5|PGP 9.5|PGP9.5|PGP95|Uch-L1	MIM:191342|HGNC:HGNC:12513|Ensembl:ENSG00000154277|Vega:OTTHUMG00000099377	4p13	ubiquitin C-terminal hydrolase L1	protein-coding	Up	4.94	6.58e-05
7356	SCGB1A1	CC10|CC16|CCPBP|CCSP|UGB|UP-1|UP1	MIM:192020|HGNC:HGNC:12523|Ensembl:ENSG00000149021|Vega:OTTHUMG00000167526	11q12.3	secretoglobin family 1A member 1	protein-coding	Down	-9.86	5.21e-09
7368	UGT8	CGT|UGT4	MIM:601291|HGNC:HGNC:12555|Ensembl:ENSG00000174607|Vega:OTTHUMG00000132915	4q26	UDP glycosyltransferase 8	protein-coding	Up	5.36	0.0335
7429	VIL1	D2S1471|VIL	MIM:193040|HGNC:HGNC:12690|Ensembl:ENSG00000127831|Vega:OTTHUMG00000133112	2q35	villin 1	protein-coding	Up	10.76	3.38e-06
7476	WNT7A	-	MIM:601570|HGNC:HGNC:12786|Ensembl:ENSG00000154764|Vega:OTTHUMG00000129803	3p25.1	Wnt family member 7A	protein-coding	Down	-6.1	0.00127
7490	WT1	AWT1|EWS-WT1|GUD|NPHS4|WAGR|WIT-2|WT33	MIM:607102|HGNC:HGNC:12796|Ensembl:ENSG00000184937|Vega:OTTHUMG00000039556	11p13	Wilms tumor 1	protein-coding	Down	-4.92	0.0239
7498	XDH	XAN1|XO|XOR	MIM:607633|HGNC:HGNC:12805|Ensembl:ENSG00000158125|Vega:OTTHUMG00000099385	2p23.1	xanthine dehydrogenase	protein-coding	Up	6.12	2.5e-05
760	CA2	CA-II|CAC|CAII|Car2|HEL-76|HEL-S-282	MIM:611492|HGNC:HGNC:1373|Ensembl:ENSG00000104267|Vega:OTTHUMG00000164944	8q21.2	carbonic anhydrase 2	protein-coding	Down	-2.62	0.0139
768	CA9	CAIX|MN	MIM:603179|HGNC:HGNC:1383|Ensembl:ENSG00000107159|Vega:OTTHUMG00000021029	9p13.3	carbonic anhydrase 9	protein-coding	Up	8.45	4.3e-12
7704	ZBTB16	PLZF|ZNF145	MIM:176797|HGNC:HGNC:12930|Ensembl:ENSG00000109906|Vega:OTTHUMG00000168243	11q23.2	zinc finger and BTB domain containing 16	protein-coding	Down	-6.08	0.000817
771	CA12	CA-XII|CAXII|HsT18816|T18816	MIM:603263|HGNC:HGNC:1371|Ensembl:ENSG00000074410|Vega:OTTHUMG00000132881	15q22.2	carbonic anhydrase 12	protein-coding	Up	4.49	0.0326
7869	SEMA3B	LUCA-1|SEMA5|SEMAA|SemA|semaV	MIM:601281|HGNC:HGNC:10724|Ensembl:ENSG00000012171|Vega:OTTHUMG00000156970	3p21.31	semaphorin 3B	protein-coding	Down	-5.06	0.000168
79054	TRPM8	LTRPC6|TRPP8	MIM:606678|HGNC:HGNC:17961|Ensembl:ENSG00000144481|Vega:OTTHUMG00000059129	2q37.1	transient receptor potential cation channel subfamily M member 8	protein-coding	Up	7.76	1.09e-08
79365	BHLHE41	BHLHB3|DEC2|SHARP1|hDEC2	MIM:606200|HGNC:HGNC:16617|Ensembl:ENSG00000123095|Vega:OTTHUMG00000169174	12p12.1	basic helix-loop-helix family member e41	protein-coding	Down	-3.4	0.00058
79370	BCL2L14	BCLG	MIM:606126|HGNC:HGNC:16657|Ensembl:ENSG00000121380|Vega:OTTHUMG00000159528	12p13.2	BCL2 like 14	protein-coding	Up	5.11	0.0483
79444	BIRC7	KIAP|LIVIN|ML-IAP|MLIAP|RNF50	MIM:605737|HGNC:HGNC:13702|Ensembl:ENSG00000101197|Vega:OTTHUMG00000032957	20q13.33	baculoviral IAP repeat containing 7	protein-coding	Down	-4.82	0.0478
796	CALCA	CALC1|CGRP|CGRP-I|CGRP1|CT|KC|PCT	MIM:114130|HGNC:HGNC:1437|Ensembl:ENSG00000110680|Vega:OTTHUMG00000159731	11p15.2	calcitonin related polypeptide alpha	protein-coding	Up	9.4	6.74e-10
79623	GALNT14	GALNT15|GalNac-T10|GalNac-T14	MIM:608225|HGNC:HGNC:22946|Ensembl:ENSG00000158089|Vega:OTTHUMG00000074077	2p23.1	polypeptide N-acetylgalactosaminyltransferase 14	protein-coding	Up	7.4	1.92e-07
79679	VTCN1	B7-H4|B7H4|B7S1|B7X|B7h.5|PRO1291|VCTN1	MIM:608162|HGNC:HGNC:28873|Ensembl:ENSG00000134258|Vega:OTTHUMG00000012118	1p13.1-p12	V-set domain containing T cell activation inhibitor 1	protein-coding	Up	5.96	0.000518
79733	E2F8	E2F-8	MIM:612047|HGNC:HGNC:24727|Ensembl:ENSG00000129173|Vega:OTTHUMG00000166102	11p15.1	E2F transcription factor 8	protein-coding	Up	6.72	0.0434
7980	TFPI2	PP5|REF1|TFPI-2	MIM:600033|HGNC:HGNC:11761|Ensembl:ENSG00000105825|Vega:OTTHUMG00000022963	7q21.3	tissue factor pathway inhibitor 2	protein-coding	Up	6.41	0.00014
8000	PSCA	PRO232	MIM:602470|HGNC:HGNC:9500|Ensembl:ENSG00000167653|Vega:OTTHUMG00000162077	8q24.3	prostate stem cell antigen	protein-coding	Down	-5.63	7.41e-09
8038	ADAM12	ADAM12-OT1|CAR10|MCMP|MCMPMltna|MLTN|MLTNA	MIM:602714|HGNC:HGNC:190|Ensembl:ENSG00000148848|Vega:OTTHUMG00000019243	10q26.2	ADAM metallopeptidase domain 12	protein-coding	Up	5.58	3.33e-06
8061	FOSL1	FRA|FRA1|fra-1	MIM:136515|HGNC:HGNC:13718|Ensembl:ENSG00000175592|Vega:OTTHUMG00000166715	11q13.1	"FOS like 1, AP-1 transcription factor subunit"	protein-coding	Down	-6.24	0.0015
8091	HMGA2	BABL|HMGI-C|HMGIC|LIPO|STQTL9	MIM:600698|HGNC:HGNC:5009|Ensembl:ENSG00000149948|Vega:OTTHUMG00000168936	12q14.3	high mobility group AT-hook 2	protein-coding	Up	11.14	3.43e-06
8140	SLC7A5	4F2LC|CD98|D16S469E|E16|LAT1|MPE16	MIM:600182|HGNC:HGNC:11063|Ensembl:ENSG00000103257|Vega:OTTHUMG00000137658	16q24.2	solute carrier family 7 member 5	protein-coding	Up	3.1	0.0223
820	CAMP	CAP-18|CAP18|CRAMP|FALL-39|FALL39|HSD26|LL37	MIM:600474|HGNC:HGNC:1472|Ensembl:ENSG00000164047|Vega:OTTHUMG00000133526	3p21.31	cathelicidin antimicrobial peptide	protein-coding	Down	-7.94	0.035
8277	TKTL1	TKR|TKT2	MIM:300044|HGNC:HGNC:11835|Ensembl:ENSG00000007350|Vega:OTTHUMG00000022707	Xq28	transketolase like 1	protein-coding	Up	6.61	0.0285
8326	FZD9	CD349|FZD3	MIM:601766|HGNC:HGNC:4047|Ensembl:ENSG00000188763|Vega:OTTHUMG00000023051	7q11.23	frizzled class receptor 9	protein-coding	Up	5.49	0.0086
83595	SOX7	-	MIM:612202|HGNC:HGNC:18196|Ensembl:ENSG00000171056|Vega:OTTHUMG00000090585	8p23.1	SRY-box 7	protein-coding	Down	-4.45	0.00153
8406	SRPX	DRS|ETX1|HEL-S-83p|SRPX1	MIM:300187|HGNC:HGNC:11309|Ensembl:ENSG00000101955|Vega:OTTHUMG00000021362	Xp11.4	"sushi repeat containing protein, X-linked"	protein-coding	Down	-3.94	0.0383
8445	DYRK2	-	MIM:603496|HGNC:HGNC:3093|Ensembl:ENSG00000127334|Vega:OTTHUMG00000169089	12q15	dual specificity tyrosine phosphorylation regulated kinase 2	protein-coding	Up	3.42	0.025
84525	HOPX	CAMEO|HOD|HOP|LAGY|NECC1|OB1|SMAP31|TOTO	MIM:607275|HGNC:HGNC:24961|Ensembl:ENSG00000171476|Vega:OTTHUMG00000128768	4q12	HOP homeobox	protein-coding	Down	-4.66	0.0481
84700	MYO18B	KFS4	MIM:607295|HGNC:HGNC:18150|Ensembl:ENSG00000133454|Vega:OTTHUMG00000151129	22q12.1	myosin XVIIIB	protein-coding	Up	9.66	0.00193
84879	MFSD2A	MCPH15|MFSD2|NLS1	MIM:614397|HGNC:HGNC:25897|Ensembl:ENSG00000168389|Vega:OTTHUMG00000009293	1p34.2	major facilitator superfamily domain containing 2A	protein-coding	Down	-7.81	0.000166
84951	TNS4	CTEN|PP14434	MIM:608385|HGNC:HGNC:24352|Ensembl:ENSG00000131746|Vega:OTTHUMG00000133330	17q21.2	tensin 4	protein-coding	Up	12.28	7.36e-08
84985	FAM83A	BJ-TSA-9	HGNC:HGNC:28210|Ensembl:ENSG00000147689|Vega:OTTHUMG00000165083	8q24.13	family with sequence similarity 83 member A	protein-coding	Up	8.13	9.54e-09
85477	SCIN	-	MIM:613416|HGNC:HGNC:21695|Ensembl:ENSG00000006747|Vega:OTTHUMG00000152385	7p21.3	scinderin	protein-coding	Up	4.86	0.000447
857	CAV1	BSCL3|CGL3|LCCNS|MSTP085|PPH3|VIP21	MIM:601047|HGNC:HGNC:1527|Ensembl:ENSG00000105974|Vega:OTTHUMG00000023413	7q31.2	caveolin 1	protein-coding	Down	-4.82	0.0417
8626	TP63	AIS|B(p51A)|B(p51B)|EEC3|KET|LMS|NBP|OFC8|RHS|SHFM4|TP53CP|TP53L|TP73L|p40|p51|p53CP|p63|p73H|p73L	MIM:603273|HGNC:HGNC:15979|Ensembl:ENSG00000073282|Vega:OTTHUMG00000156313	3q28	tumor protein p63	protein-coding	Up	5.76	1.02e-05
8644	AKR1C3	DD3|DDX|HA1753|HAKRB|HAKRe|HSD17B5|PGFS|hluPGFS	MIM:603966|HGNC:HGNC:386|Ensembl:ENSG00000196139|Vega:OTTHUMG00000017585	10p15.1	aldo-keto reductase family 1 member C3	protein-coding	Down	-6.22	0.0249
8788	DLK1	DLK|DLK-1|Delta1|FA1|PREF1|Pref-1|ZOG|pG2	MIM:176290|HGNC:HGNC:2907|Ensembl:ENSG00000185559|Vega:OTTHUMG00000171600	14q32.2	delta like non-canonical Notch ligand 1	protein-coding	Up	10.74	1.47e-11
8840	WISP1	CCN4|WISP1c|WISP1i|WISP1tc	MIM:603398|HGNC:HGNC:12769|Ensembl:ENSG00000104415|Vega:OTTHUMG00000164440	8q24.22	WNT1 inducible signaling pathway protein 1	protein-coding	Up	4.4	0.00124
8842	PROM1	AC133|CD133|CORD12|MCDR2|MSTP061|PROML1|RP41|STGD4	MIM:604365|HGNC:HGNC:9454|Ensembl:ENSG00000007062|Vega:OTTHUMG00000160180	4p15.32	prominin 1	protein-coding	Up	9.75	1.46e-05
8856	NR1I2	BXR|ONR1|PAR|PAR1|PAR2|PARq|PRR|PXR|SAR|SXR	MIM:603065|HGNC:HGNC:7968|Ensembl:ENSG00000144852|Vega:OTTHUMG00000159400	3q13.33	nuclear receptor subfamily 1 group I member 2	protein-coding	Up	7.8	0.000764
8857	FCGBP	FC(GAMMA)BP	HGNC:HGNC:13572|Ensembl:ENSG00000275395|Vega:OTTHUMG00000182580	19q13.2	Fc fragment of IgG binding protein	protein-coding	Up	3.61	0.0068
8862	APLN	APEL|XNPEP2	MIM:300297|HGNC:HGNC:16665|Ensembl:ENSG00000171388|Vega:OTTHUMG00000022371	Xq26.1	apelin	protein-coding	Down	-6.44	5.3e-08
887	CCKBR	CCK-B|CCK2R|GASR	MIM:118445|HGNC:HGNC:1571|Ensembl:ENSG00000110148|Vega:OTTHUMG00000133380	11p15.4	cholecystokinin B receptor	protein-coding	Up	8.57	4.43e-08
890	CCNA2	CCN1|CCNA	MIM:123835|HGNC:HGNC:1578|Ensembl:ENSG00000145386|Vega:OTTHUMG00000133072	4q27	cyclin A2	protein-coding	Up	7.05	0.00648
891	CCNB1	CCNB	MIM:123836|HGNC:HGNC:1579|Ensembl:ENSG00000134057|Vega:OTTHUMG00000097817	5q13.2	cyclin B1	protein-coding	Up	5.11	0.0231
89780	WNT3A	-	MIM:606359|HGNC:HGNC:15983|Ensembl:ENSG00000154342|Vega:OTTHUMG00000037593	1q42.13	Wnt family member 3A	protein-coding	Down	-7.7	3.39e-06
898	CCNE1	CCNE|pCCNE1	MIM:123837|HGNC:HGNC:1589|Ensembl:ENSG00000105173|Vega:OTTHUMG00000177626	19q12	cyclin E1	protein-coding	Up	9.03	5.5e-05
9024	BRSK2	C11orf7|PEN11B|SAD1|SADA|STK29	MIM:609236|HGNC:HGNC:11405|Ensembl:ENSG00000174672|Vega:OTTHUMG00000167089	11p15.5	BR serine/threonine kinase 2	protein-coding	Up	5.48	0.00188
9046	DOK2	p56DOK|p56dok-2	MIM:604997|HGNC:HGNC:2991|Ensembl:ENSG00000147443|Vega:OTTHUMG00000131075	8p21.3	docking protein 2	protein-coding	Down	-4.79	0.017
9052	GPRC5A	GPCR5A|PEIG-1|RAI3|RAIG1|TIG1	MIM:604138|HGNC:HGNC:9836|Ensembl:ENSG00000013588|Vega:OTTHUMG00000168710	12p13.1	G protein-coupled receptor class C group 5 member A	protein-coding	Down	-6.33	0.00778
9071	CLDN10	CPETRL3|OSP-L	HGNC:HGNC:2033|Ensembl:ENSG00000134873|Vega:OTTHUMG00000017217	13q32.1	claudin 10	protein-coding	Up	8.84	3.25e-06
9075	CLDN2	-	MIM:300520|HGNC:HGNC:2041|Ensembl:ENSG00000165376|Vega:OTTHUMG00000022154	Xq22.3	claudin 2	protein-coding	Up	7.56	1.19e-15
9076	CLDN1	CLD1|ILVASC|SEMP1	MIM:603718|HGNC:HGNC:2032|Ensembl:ENSG00000163347|Vega:OTTHUMG00000156214	3q28	claudin 1	protein-coding	Up	3.9	0.00344
90865	IL33	C9orf26|DVS27|IL1F11|NF-HEV|NFEHEV	MIM:608678|HGNC:HGNC:16028|Ensembl:ENSG00000137033|Vega:OTTHUMG00000019516	9p24.1	interleukin 33	protein-coding	Down	-3.37	0.00507
9133	CCNB2	HsT17299	MIM:602755|HGNC:HGNC:1580|Ensembl:ENSG00000157456|Vega:OTTHUMG00000132715	15q22.2	cyclin B2	protein-coding	Up	5.58	0.017
9134	CCNE2	CYCE2	MIM:603775|HGNC:HGNC:1590|Ensembl:ENSG00000175305|Vega:OTTHUMG00000164696	8q22.1	cyclin E2	protein-coding	Up	4.86	0.0479
9156	EXO1	HEX1|hExoI	MIM:606063|HGNC:HGNC:3511|Ensembl:ENSG00000174371|Vega:OTTHUMG00000039965	1q43	exonuclease 1	protein-coding	Up	7.49	0.0174
91937	TIMD4	SMUCKLER|TIM4	MIM:610096|HGNC:HGNC:25132|Ensembl:ENSG00000145850|Vega:OTTHUMG00000130244	5q33.3	T-cell immunoglobulin and mucin domain containing 4	protein-coding	Down	-8.06	0.00768
921	CD5	LEU1|T1	MIM:153340|HGNC:HGNC:1685|Ensembl:ENSG00000110448|Vega:OTTHUMG00000167825	11q12.2	CD5 molecule	protein-coding	Up	3.12	0.0398
9212	AURKB	AIK2|AIM-1|AIM1|ARK2|AurB|IPL1|PPP1R48|STK12|STK5|aurkb-sv1|aurkb-sv2	MIM:604970|HGNC:HGNC:11390|Ensembl:ENSG00000178999|Vega:OTTHUMG00000108189	17p13.1	aurora kinase B	protein-coding	Up	9.07	0.00318
92304	SCGB3A1	HIN-1|HIN1|LU105|PnSP-2|UGRP2	MIM:606500|HGNC:HGNC:18384|Ensembl:ENSG00000161055|Vega:OTTHUMG00000130936	5q35.3	secretoglobin family 3A member 1	protein-coding	Down	-9.06	6.61e-07
9254	CACNA2D2	CACNA2D	MIM:607082|HGNC:HGNC:1400|Ensembl:ENSG00000007402|Vega:OTTHUMG00000156887	3p21.31	calcium voltage-gated channel auxiliary subunit alpha2delta 2	protein-coding	Down	-8.39	2.98e-06
9314	KLF4	EZF|GKLF	MIM:602253|HGNC:HGNC:6348|Ensembl:ENSG00000136826|Vega:OTTHUMG00000020449	9q31.2	Kruppel like factor 4	protein-coding	Down	-3.17	0.0011
9332	CD163	M130|MM130|SCARI1	MIM:605545|HGNC:HGNC:1631|Ensembl:ENSG00000177575|Vega:OTTHUMG00000168353	12p13.31	CD163 molecule	protein-coding	Down	-4.15	0.042
9353	SLIT2	SLIL3|Slit-2	MIM:603746|HGNC:HGNC:11086|Ensembl:ENSG00000145147|Vega:OTTHUMG00000128551	4p15.31	slit guidance ligand 2	protein-coding	Down	-4.28	0.0384
9365	KL	-	MIM:604824|HGNC:HGNC:6344|Ensembl:ENSG00000133116|Vega:OTTHUMG00000017408	13q13.1	klotho	protein-coding	Down	-4.01	0.0142
9378	NRXN1	Hs.22998|PTHSL2|SCZD17	MIM:600565|HGNC:HGNC:8008|Ensembl:ENSG00000179915|Vega:OTTHUMG00000129263	2p16.3	neurexin 1	protein-coding	Up	5.75	0.0459
94025	MUC16	CA125	MIM:606154|HGNC:HGNC:15582|Ensembl:ENSG00000181143|Vega:OTTHUMG00000169191	19p13.2	"mucin 16, cell surface associated"	protein-coding	Up	11.75	8.13e-08
94031	HTRA3	Prsp|Tasp	MIM:608785|HGNC:HGNC:30406|Ensembl:ENSG00000170801|Vega:OTTHUMG00000090561	4p16.1	HtrA serine peptidase 3	protein-coding	Up	4.31	0.0395
9447	AIM2	PYHIN4	MIM:604578|HGNC:HGNC:357|Ensembl:ENSG00000163568|Vega:OTTHUMG00000037183	1q23.1-q23.2	absent in melanoma 2	protein-coding	Up	6.31	0.000259
9476	NAPSA	KAP|Kdap|NAP1|NAPA|SNAPA	MIM:605631|HGNC:HGNC:13395|Ensembl:ENSG00000131400|Vega:OTTHUMG00000183035	19q13.33	napsin A aspartic peptidase	protein-coding	Down	-8.23	0.0324
9493	KIF23	CHO1|KNSL5|MKLP-1|MKLP1	MIM:605064|HGNC:HGNC:6392|Ensembl:ENSG00000137807|Vega:OTTHUMG00000172062	15q23	kinesin family member 23	protein-coding	Up	5.21	0.0419
9510	ADAMTS1	C3-C5|METH1	MIM:605174|HGNC:HGNC:217|Ensembl:ENSG00000154734|Vega:OTTHUMG00000078688	21q21.3	ADAM metallopeptidase with thrombospondin type 1 motif 1	protein-coding	Down	-4.66	0.0301
9536	PTGES	MGST-IV|MGST1-L1|MGST1L1|MPGES|PGES|PIG12|PP102|PP1294|TP53I12|mPGES-1	MIM:605172|HGNC:HGNC:9599|Ensembl:ENSG00000148344|Vega:OTTHUMG00000020791	9q34.11	prostaglandin E synthase	protein-coding	Up	5.26	0.0029
9547	CXCL14	BMAC|BRAK|KEC|KS1|MIP-2g|MIP2G|NJAC|SCYB14	MIM:604186|HGNC:HGNC:10640|Ensembl:ENSG00000145824|Vega:OTTHUMG00000129139	5q31.1	C-X-C motif chemokine ligand 14	protein-coding	Up	6.82	8.59e-06
9635	CLCA2	CACC|CACC3|CLCRG2|CaCC-3	MIM:604003|HGNC:HGNC:2016|Ensembl:ENSG00000137975|Vega:OTTHUMG00000010256	1p22.3	chloride channel accessory 2	protein-coding	Down	-5.51	5.47e-05
9636	ISG15	G1P2|IFI15|IMD38|IP17|UCRP|hUCRP	MIM:147571|HGNC:HGNC:4053|Ensembl:ENSG00000187608|Vega:OTTHUMG00000040777	1p36.33	ISG15 ubiquitin-like modifier	protein-coding	Up	3.34	0.0449
9700	ESPL1	ESP1|SEPA	MIM:604143|HGNC:HGNC:16856|Ensembl:ENSG00000135476|Vega:OTTHUMG00000169674	12q13.13	"extra spindle pole bodies like 1, separase"	protein-coding	Up	7.26	0.00735
9718	ECE2	-	MIM:610145|HGNC:HGNC:13275|Ensembl:ENSG00000145194|Vega:OTTHUMG00000150551	3q27.1	endothelin converting enzyme 2	protein-coding	Up	4.56	0.0118
978	CDA	CDD	MIM:123920|HGNC:HGNC:1712|Ensembl:ENSG00000158825|Vega:OTTHUMG00000002845	1p36.12	cytidine deaminase	protein-coding	Up	6.19	4e-05
983	CDK1	CDC2|CDC28A|P34CDC2	MIM:116940|HGNC:HGNC:1722|Ensembl:ENSG00000170312|Vega:OTTHUMG00000018290	10q21.2	cyclin dependent kinase 1	protein-coding	Up	5.79	1.81e-05
9928	KIF14	MKS12	MIM:611279|HGNC:HGNC:19181|Ensembl:ENSG00000118193|Vega:OTTHUMG00000035723	1q32.1	kinesin family member 14	protein-coding	Up	5.07	0.00797
9940	DLEC1	CFAP81|DLC-1|DLC1|F56	MIM:604050|HGNC:HGNC:2899|Ensembl:ENSG00000008226|Vega:OTTHUMG00000131085	3p22.2	deleted in lung and esophageal cancer 1	protein-coding	Down	-5.75	0.00373
9947	MAGEC1	CT7|CT7.1	MIM:300223|HGNC:HGNC:6812|Ensembl:ENSG00000155495|Vega:OTTHUMG00000022569	Xq27.2	MAGE family member C1	protein-coding	Up	5.94	0.00071
